CATEGORYID,LARGEID,LARGENAME,MEDIUMID,MEDIUMNAME,SMALLID,SMALLNAME,PAGES
1G0201,1G,専用機,02,【工機専用】標準工数,01,切削機　本体工事・追加工事,A
1G0202,1G,専用機,02,【工機専用】標準工数,02,研削機　本体工事・追加工事,A
1G0203,1G,専用機,02,【工機専用】標準工数,03,捲線機　本体工事・追加工事,A
1G0204,1G,専用機,02,【工機専用】標準工数,04,塑性加工機　本体工事・追加工事,A
1G0205,1G,専用機,02,【工機専用】標準工数,05,検査機　本体工事・追加工事,A
1G0206,1G,専用機,02,【工機専用】標準工数,06,組立機　本体工事・追加工事,A
1G0291,1G,専用機,02,【工機専用】標準工数,91,移設・改造,A
1G0292,1G,専用機,02,【工機専用】標準工数,92,修理・オ－バ－ホ－ル,A
1G0299,1G,専用機,02,【工機専用】標準工数,99,その他,A
1G0301,1G,専用機,03,部品製作,01,機械加工部品,A
1G0302,1G,専用機,03,部品製作,02,鋳物部品,A
1G0303,1G,専用機,03,部品製作,03,樹脂・ゴム部品,A
1G0304,1G,専用機,03,部品製作,04,木型,A
1G0305,1G,専用機,03,部品製作,05,表面処理依頼,A
1G0306,1G,専用機,03,部品製作,06,熱処理依頼,A
1G0399,1G,専用機,03,部品製作,99,その他,A
1G0450,1G,専用機,04,付帯工事,50,ソフト（2次側配線用）,A
1G0493,1G,専用機,04,付帯工事,93,二次側配線・配管,A
1G0494,1G,専用機,04,付帯工事,94,機械清掃,A
1G0501,1G,専用機,05,生産用設備設計,01,工機専用機設計,A
1G0503,1G,専用機,05,生産用設備設計,03,工機治具設計,A
1G0505,1G,専用機,05,生産用設備設計,05,工機型設計,A
1G0507,1G,専用機,05,生産用設備設計,07,工程設計・開発,A
1H0101,1H,金型,01,ASSY製作,01,モ－ルド,A
1H0102,1H,金型,01,ASSY製作,02,ダイキャスト,A
1H0103,1H,金型,01,ASSY製作,03,プレス,A
1H0104,1H,金型,01,ASSY製作,04,冷鍛,A
1H0192,1H,金型,01,ASSY製作,92,修理・オーバーホール,A
1H0301,1H,金型,03,型部品,01,機械加工部品,A
1H0302,1H,金型,03,型部品,02,鋳物部品,A
1H0303,1H,金型,03,型部品,03,樹脂・ゴム部品,A
1H0305,1H,金型,03,型部品,05,表面処理依頼,A
1H0306,1H,金型,03,型部品,06,熱処理依頼,A
1H0399,1H,金型,03,型部品,99,その他,A
2C0101,2C,生産用機器,01,プレス・シャー,01,本体,A
2C0150,2C,生産用機器,01,プレス・シャー,50,ソフト（プレス・シャー用）,A
2C0190,2C,生産用機器,01,プレス・シャー,90,専用補修部品,A
2C0191,2C,生産用機器,01,プレス・シャー,91,移設・改造,A
2C0192,2C,生産用機器,01,プレス・シャー,92,修理・オ－バ－ホ－ル,A
2C0193,2C,生産用機器,01,プレス・シャー,93,二次側配線・配管,A
2C0199,2C,生産用機器,01,プレス・シャー,99,その他,A
2C0201,2C,生産用機器,02,樹脂・ゴム成形機,01,本体,A
2C0250,2C,生産用機器,02,樹脂・ゴム成形機,50,ソフト（樹脂・ゴム成形機用）,A
2C0290,2C,生産用機器,02,樹脂・ゴム成形機,90,専用補修部品,A
2C0291,2C,生産用機器,02,樹脂・ゴム成形機,91,移設・改造,A
2C0292,2C,生産用機器,02,樹脂・ゴム成形機,92,修理・オ－バ－ホ－ル,A
2C0293,2C,生産用機器,02,樹脂・ゴム成形機,93,二次側配線・配管,A
2C0299,2C,生産用機器,02,樹脂・ゴム成形機,99,その他,A
2C0301,2C,生産用機器,03,ダイカストマシン,01,本体,A
2C0350,2C,生産用機器,03,ダイカストマシン,50,ソフト（ダイカストマシン用）,A
2C0390,2C,生産用機器,03,ダイカストマシン,90,専用補修部品,A
2C0391,2C,生産用機器,03,ダイカストマシン,91,移設・改造,A
2C0392,2C,生産用機器,03,ダイカストマシン,92,修理・オ－バ－ホ－ル,A
2C0393,2C,生産用機器,03,ダイカストマシン,93,二次側配線・配管,A
2C0399,2C,生産用機器,03,ダイカストマシン,99,その他,A
2C0401,2C,生産用機器,04,プレス・成形機周辺機,01,本体,A
2C0450,2C,生産用機器,04,プレス・成形機周辺機,50,ソフト（プレス・成形機周辺機用）,A
2C0490,2C,生産用機器,04,プレス・成形機周辺機,90,専用補修部品,A
2C0491,2C,生産用機器,04,プレス・成形機周辺機,91,移設・改造,A
2C0492,2C,生産用機器,04,プレス・成形機周辺機,92,修理・オ－バ－ホ－ル,A
2C0493,2C,生産用機器,04,プレス・成形機周辺機,93,二次側配線・配管,A
2C0499,2C,生産用機器,04,プレス・成形機周辺機,99,その他,A
2C0601,2C,生産用機器,06,捲線機,01,本体,A
2C0650,2C,生産用機器,06,捲線機,50,ソフト（捲線機用）,A
2C0690,2C,生産用機器,06,捲線機,90,専用補修部品,A
2C0691,2C,生産用機器,06,捲線機,91,移設・改造,A
2C0692,2C,生産用機器,06,捲線機,92,修理・オ－バ－ホ－ル,A
2C0693,2C,生産用機器,06,捲線機,93,二次側配線・配管,A
2C0699,2C,生産用機器,06,捲線機,99,その他,A
2C0701,2C,生産用機器,07,半田付・ろう付機,01,本体,A
2C0750,2C,生産用機器,07,半田付・ろう付機,50,ソフト（半田付・ろう付機用）,A
2C0790,2C,生産用機器,07,半田付・ろう付機,90,専用補修部品,A
2C0791,2C,生産用機器,07,半田付・ろう付機,91,移設・改造,A
2C0792,2C,生産用機器,07,半田付・ろう付機,92,修理・オ－バ－ホ－ル,A
2C0793,2C,生産用機器,07,半田付・ろう付機,93,二次側配線・配管,A
2C0799,2C,生産用機器,07,半田付・ろう付機,99,その他,A
2C0801,2C,生産用機器,08,電子部品実装関連装置,01,本体,A
2C0850,2C,生産用機器,08,電子部品実装関連装置,50,ソフト(電子部品実装関連装置用),A
2C0890,2C,生産用機器,08,電子部品実装関連装置,90,専用補修部品,A
2C0891,2C,生産用機器,08,電子部品実装関連装置,91,移設・改造,A
2C0892,2C,生産用機器,08,電子部品実装関連装置,92,修理・オ－バ－ホ－ル,A
2C0893,2C,生産用機器,08,電子部品実装関連装置,93,二次側配線・配管,A
2C0899,2C,生産用機器,08,電子部品実装関連装置,99,その他,A
2C0901,2C,生産用機器,09,溶接機,01,本体,A
2C0950,2C,生産用機器,09,溶接機,50,ソフト（溶接機用）,A
2C0990,2C,生産用機器,09,溶接機,90,専用補修部品,A
2C0991,2C,生産用機器,09,溶接機,91,移設・改造,A
2C0992,2C,生産用機器,09,溶接機,92,修理・オ－バ－ホ－ル,A
2C0993,2C,生産用機器,09,溶接機,93,二次側配線・配管,A
2C0999,2C,生産用機器,09,溶接機,99,その他,A
2C1101,2C,生産用機器,11,鍛圧応用機械,01,本体,A
2C1150,2C,生産用機器,11,鍛圧応用機械,50,ソフト（鍛圧応用機械用）,A
2C1190,2C,生産用機器,11,鍛圧応用機械,90,専用補修部品,A
2C1191,2C,生産用機器,11,鍛圧応用機械,91,移設・改造,A
2C1192,2C,生産用機器,11,鍛圧応用機械,92,修理・オ－バ－ホ－ル,A
2C1193,2C,生産用機器,11,鍛圧応用機械,93,二次側配線・配管,A
2C1199,2C,生産用機器,11,鍛圧応用機械,99,その他,A
2C1201,2C,生産用機器,12,印刷・刻印機,01,本体,A
2C1250,2C,生産用機器,12,印刷・刻印機,50,ソフト（印刷・刻印機用）,A
2C1290,2C,生産用機器,12,印刷・刻印機,90,専用補修部品,A
2C1291,2C,生産用機器,12,印刷・刻印機,91,移設・改造,A
2C1292,2C,生産用機器,12,印刷・刻印機,92,修理・オ－バ－ホ－ル,A
2C1293,2C,生産用機器,12,印刷・刻印機,93,二次側配線・配管,A
2C1299,2C,生産用機器,12,印刷・刻印機,99,その他,A
2C1501,2C,生産用機器,15,包装機・ケーサー,01,本体,A
2C1550,2C,生産用機器,15,包装機・ケーサー,50,ソフト（包装機・ケーサー用）,A
2C1590,2C,生産用機器,15,包装機・ケーサー,90,専用補修部品,A
2C1591,2C,生産用機器,15,包装機・ケーサー,91,移設・改造,A
2C1592,2C,生産用機器,15,包装機・ケーサー,92,修理・オ－バ－ホ－ル,A
2C1593,2C,生産用機器,15,包装機・ケーサー,93,二次側配線・配管,A
2C1599,2C,生産用機器,15,包装機・ケーサー,99,その他,A
2C1701,2C,生産用機器,17,自動倉庫・無人搬送車,01,本体,A
2C1750,2C,生産用機器,17,自動倉庫・無人搬送車,50,ソフト(自動倉庫・無人搬送車用),A
2C1790,2C,生産用機器,17,自動倉庫・無人搬送車,90,専用補修部品,A
2C1791,2C,生産用機器,17,自動倉庫・無人搬送車,91,移設・改造,A
2C1792,2C,生産用機器,17,自動倉庫・無人搬送車,92,修理・オ－バ－ホ－ル,A
2C1793,2C,生産用機器,17,自動倉庫・無人搬送車,93,二次側配線・配管,A
2C1799,2C,生産用機器,17,自動倉庫・無人搬送車,99,その他,A
2C1801,2C,生産用機器,18,組付・圧入・締付・カシメ機,01,本体,A
2C1850,2C,生産用機器,18,組付・圧入・締付・カシメ機,50,ソフト（組付・圧入・締付・カシメ機用）,A
2C1890,2C,生産用機器,18,組付・圧入・締付・カシメ機,90,専用補修部品,A
2C1891,2C,生産用機器,18,組付・圧入・締付・カシメ機,91,移設・改造,A
2C1892,2C,生産用機器,18,組付・圧入・締付・カシメ機,92,修理・オ－バ－ホ－ル,A
2C1893,2C,生産用機器,18,組付・圧入・締付・カシメ機,93,二次側配線・配管,A
2C1899,2C,生産用機器,18,組付・圧入・締付・カシメ機,99,その他,A
2C1901,2C,生産用機器,19,ロボット,01,本体,A
2C1950,2C,生産用機器,19,ロボット,50,ソフト（ロボット用）,A
2C1990,2C,生産用機器,19,ロボット,90,専用補修部品,A
2C1991,2C,生産用機器,19,ロボット,91,移設・改造,A
2C1992,2C,生産用機器,19,ロボット,92,修理・オ－バ－ホ－ル,A
2C1993,2C,生産用機器,19,ロボット,93,二次側配線・配管,A
2C1999,2C,生産用機器,19,ロボット,99,その他,A
2C5121,2C,生産用機器,51,熱処理装置,21,ガス炉,A
2C5122,2C,生産用機器,51,熱処理装置,22,電気炉,A
2C5123,2C,生産用機器,51,熱処理装置,23,高周波装置,A
2C5124,2C,生産用機器,51,熱処理装置,24,冷却装置,A
2C5125,2C,生産用機器,51,熱処理装置,25,サブゼロ装置,A
2C5150,2C,生産用機器,51,熱処理装置,50,ソフト（熱処理装置用）,A
2C5190,2C,生産用機器,51,熱処理装置,90,専用補修部品,A
2C5191,2C,生産用機器,51,熱処理装置,91,移設・改造,A
2C5192,2C,生産用機器,51,熱処理装置,92,修理・オ－バ－ホ－ル,A
2C5193,2C,生産用機器,51,熱処理装置,93,二次側配線・配管,A
2C5199,2C,生産用機器,51,熱処理装置,99,その他,A
2C5221,2C,生産用機器,52,洗浄機,21,浸漬洗浄機,A
2C5222,2C,生産用機器,52,洗浄機,22,シャワー洗浄機,A
2C5223,2C,生産用機器,52,洗浄機,23,高圧洗浄機,A
2C5250,2C,生産用機器,52,洗浄機,50,ソフト（洗浄機用）,A
2C5290,2C,生産用機器,52,洗浄機,90,専用補修部品,A
2C5291,2C,生産用機器,52,洗浄機,91,移設・改造,A
2C5292,2C,生産用機器,52,洗浄機,92,修理・オ－バ－ホ－ル,A
2C5293,2C,生産用機器,52,洗浄機,93,二次側配線・配管,A
2C5299,2C,生産用機器,52,洗浄機,99,その他,A
2C5321,2C,生産用機器,53,塗装・表面処理装置,21,吹付塗装装置,A
2C5322,2C,生産用機器,53,塗装・表面処理装置,22,粉体塗装装置,A
2C5323,2C,生産用機器,53,塗装・表面処理装置,23,浸漬塗装装置,A
2C5324,2C,生産用機器,53,塗装・表面処理装置,24,ボンデ装置,A
2C5325,2C,生産用機器,53,塗装・表面処理装置,25,化成処理装置,A
2C5326,2C,生産用機器,53,塗装・表面処理装置,26,溶射装置,A
2C5350,2C,生産用機器,53,塗装・表面処理装置,50,ソフト（塗装・表面処理装置用）,A
2C5390,2C,生産用機器,53,塗装・表面処理装置,90,専用補修部品,A
2C5391,2C,生産用機器,53,塗装・表面処理装置,91,移設・改造,A
2C5392,2C,生産用機器,53,塗装・表面処理装置,92,修理・オ－バ－ホ－ル,A
2C5393,2C,生産用機器,53,塗装・表面処理装置,93,二次側配線・配管,A
2C5399,2C,生産用機器,53,塗装・表面処理装置,99,その他,A
2C5401,2C,生産用機器,54,搬送装置,01,本体,A
2C5408,2C,生産用機器,54,搬送装置,08,パーツフィーダー,A
2C5450,2C,生産用機器,54,搬送装置,50,ソフト(搬送装置用),A
2C5490,2C,生産用機器,54,搬送装置,90,専用補修部品,A
2C5491,2C,生産用機器,54,搬送装置,91,移設・改造,A
2C5492,2C,生産用機器,54,搬送装置,92,修理・オ－バ－ホ－ル,A
2C5493,2C,生産用機器,54,搬送装置,93,二次側配線・配管,A
2C5499,2C,生産用機器,54,搬送装置,99,その他,A
2C5501,2C,生産用機器,55,集塵・排気装置,01,本体（集塵機）,A
2C5502,2C,生産用機器,55,集塵・排気装置,02,局所排気装置,A
2C5503,2C,生産用機器,55,集塵・排気装置,03,クリ－ンベンチ,A
2C5504,2C,生産用機器,55,集塵・排気装置,04,ドラフトチャンバ－,A
2C5505,2C,生産用機器,55,集塵・排気装置,05,送・排風機,A
2C5550,2C,生産用機器,55,集塵・排気装置,50,ソフト（集塵・排気装置用）,A
2C5590,2C,生産用機器,55,集塵・排気装置,90,専用補修部品,A
2C5591,2C,生産用機器,55,集塵・排気装置,91,移設・改造,A
2C5592,2C,生産用機器,55,集塵・排気装置,92,修理・オ－バ－ホ－ル,A
2C5593,2C,生産用機器,55,集塵・排気装置,93,二次側配線・配管,A
2C5599,2C,生産用機器,55,集塵・排気装置,99,その他,A
2C5721,2C,生産用機器,57,注入機・塗布機,21,注入機・ディスペンサ,A
2C5722,2C,生産用機器,57,注入機・塗布機,22,塗布機,A
2C5750,2C,生産用機器,57,注入機・塗布機,50,ソフト（注入機・塗布機用）,A
2C5790,2C,生産用機器,57,注入機・塗布機,90,専用補修部品,A
2C5791,2C,生産用機器,57,注入機・塗布機,91,移設・改造,A
2C5792,2C,生産用機器,57,注入機・塗布機,92,修理・オ－バ－ホ－ル,A
2C5793,2C,生産用機器,57,注入機・塗布機,93,二次側配線・配管,A
2C5799,2C,生産用機器,57,注入機・塗布機,99,その他,A
2C5821,2C,生産用機器,58,除電除塵・着脱装置,21,除電除塵装置,A
2C5822,2C,生産用機器,58,除電除塵・着脱装置,22,着磁・脱磁・減磁装置,A
2C5850,2C,生産用機器,58,除電除塵・着脱装置,50,ソフト（除電除塵・着脱装置用）,A
2C5890,2C,生産用機器,58,除電除塵・着脱装置,90,専用補修部品,A
2C5891,2C,生産用機器,58,除電除塵・着脱装置,91,移設・改造,A
2C5892,2C,生産用機器,58,除電除塵・着脱装置,92,修理・オ－バ－ホ－ル,A
2C5893,2C,生産用機器,58,除電除塵・着脱装置,93,二次側配線・配管,A
2C5899,2C,生産用機器,58,除電除塵・着脱装置,99,その他,A
2C5921,2C,生産用機器,59,クーラント・切粉処理装置,21,クーラント装置,A
2C5922,2C,生産用機器,59,クーラント・切粉処理装置,22,濾過装置,A
2C5923,2C,生産用機器,59,クーラント・切粉処理装置,23,切粉処理装置,A
2C5924,2C,生産用機器,59,クーラント・切粉処理装置,24,チップコンベア,A
2C5950,2C,生産用機器,59,クーラント・切粉処理装置,50,ソフト（クーラント・切粉処理装置用）,A
2C5990,2C,生産用機器,59,クーラント・切粉処理装置,90,専用補修部品,A
2C5991,2C,生産用機器,59,クーラント・切粉処理装置,91,移設・改造,A
2C5992,2C,生産用機器,59,クーラント・切粉処理装置,92,修理・オ－バ－ホ－ル,A
2C5993,2C,生産用機器,59,クーラント・切粉処理装置,93,二次側配線・配管,A
2C5999,2C,生産用機器,59,クーラント・切粉処理装置,99,その他,A
2C6021,2C,生産用機器,60,原料処理装置,21,液体処理装置,A
2C6022,2C,生産用機器,60,原料処理装置,22,液体供給・回収装置,A
2C6023,2C,生産用機器,60,原料処理装置,23,粉体処理装置,A
2C6024,2C,生産用機器,60,原料処理装置,24,攪拌機,A
2C6050,2C,生産用機器,60,原料処理装置,50,ソフト（原料処理装置用）,A
2C6090,2C,生産用機器,60,原料処理装置,90,専用補修部品,A
2C6091,2C,生産用機器,60,原料処理装置,91,移設・改造,A
2C6092,2C,生産用機器,60,原料処理装置,92,修理・オ－バ－ホ－ル,A
2C6093,2C,生産用機器,60,原料処理装置,93,二次側配線・配管,A
2C6099,2C,生産用機器,60,原料処理装置,99,その他,A
2C6121,2C,生産用機器,61,ガス関係装置,21,排ガス処理装置,A
2C6122,2C,生産用機器,61,ガス関係装置,22,ガス発生装置,A
2C6123,2C,生産用機器,61,ガス関係装置,23,ガス供給装置,A
2C6150,2C,生産用機器,61,ガス関係装置,50,ソフト（ガス関係装置用）,A
2C6190,2C,生産用機器,61,ガス関係装置,90,専用補修部品,A
2C6191,2C,生産用機器,61,ガス関係装置,91,移設・改造,A
2C6192,2C,生産用機器,61,ガス関係装置,92,修理・オ－バ－ホ－ル,A
2C6193,2C,生産用機器,61,ガス関係装置,93,二次側配線・配管,A
2C6199,2C,生産用機器,61,ガス関係装置,99,その他,A
2C6221,2C,生産用機器,62,装置用コンプレッサ,21,装置用コンプレッサ,A
2C6250,2C,生産用機器,62,装置用コンプレッサ,50,ソフト（装置用コンプレッサ用）,A
2C6290,2C,生産用機器,62,装置用コンプレッサ,90,専用補修部品,A
2C6291,2C,生産用機器,62,装置用コンプレッサ,91,移設・改造,A
2C6292,2C,生産用機器,62,装置用コンプレッサ,92,修理・オ－バ－ホ－ル,A
2C6293,2C,生産用機器,62,装置用コンプレッサ,93,二次側配線・配管,A
2C6299,2C,生産用機器,62,装置用コンプレッサ,99,その他,A
2C6321,2C,生産用機器,63,ＵＶ照射装置,21,ＵＶ照射装置,A
2C6350,2C,生産用機器,63,ＵＶ照射装置,50,ソフト（ＵＶ照射装置用）,A
2C6390,2C,生産用機器,63,ＵＶ照射装置,90,専用補修部品,A
2C6391,2C,生産用機器,63,ＵＶ照射装置,91,移設・改造,A
2C6392,2C,生産用機器,63,ＵＶ照射装置,92,修理・オ－バ－ホ－ル,A
2C6393,2C,生産用機器,63,ＵＶ照射装置,93,二次側配線・配管,A
2C6399,2C,生産用機器,63,ＵＶ照射装置,99,その他,A
2C6401,2C,生産用機器,64,液晶パネル処理工程,01,本体,A
2C6450,2C,生産用機器,64,液晶パネル処理工程,50,ソフト（液晶パネル処理工程用）,A
2C6490,2C,生産用機器,64,液晶パネル処理工程,90,専用補修部品,A
2C6491,2C,生産用機器,64,液晶パネル処理工程,91,移設・改造,A
2C6492,2C,生産用機器,64,液晶パネル処理工程,92,修理・オ－バ－ホ－ル,A
2C6493,2C,生産用機器,64,液晶パネル処理工程,93,二次側配線・配管,A
2C6499,2C,生産用機器,64,液晶パネル処理工程,99,その他,A
2C6501,2C,生産用機器,65,液晶実装工程,01,本体,A
2C6550,2C,生産用機器,65,液晶実装工程,50,ソフト(液晶実装工程用),A
2C6590,2C,生産用機器,65,液晶実装工程,90,専用補修部品,A
2C6591,2C,生産用機器,65,液晶実装工程,91,移設・改造,A
2C6592,2C,生産用機器,65,液晶実装工程,92,修理・オ－バ－ホ－ル,A
2C6593,2C,生産用機器,65,液晶実装工程,93,二次側配線・配管,A
2C6599,2C,生産用機器,65,液晶実装工程,99,その他,A
2C6601,2C,生産用機器,66,液晶検査工程,01,本体,A
2C6650,2C,生産用機器,66,液晶検査工程,50,ソフト(液晶検査工程用),A
2C6690,2C,生産用機器,66,液晶検査工程,90,専用補修部品,A
2C6691,2C,生産用機器,66,液晶検査工程,91,移設・改造,A
2C6692,2C,生産用機器,66,液晶検査工程,92,修理・オ－バ－ホ－ル,A
2C6693,2C,生産用機器,66,液晶検査工程,93,二次側配線・配管,A
2C6699,2C,生産用機器,66,液晶検査工程,99,その他,A
2C6701,2C,生産用機器,67,回収・再生装置,01,本体,A
2C6750,2C,生産用機器,67,回収・再生装置,50,ソフト(回収・再生装置用),A
2C6790,2C,生産用機器,67,回収・再生装置,90,専用補修部品,A
2C6791,2C,生産用機器,67,回収・再生装置,91,移設・改造,A
2C6792,2C,生産用機器,67,回収・再生装置,92,修理・オ－バ－ホ－ル,A
2C6793,2C,生産用機器,67,回収・再生装置,93,二次側配線・配管,A
2C6799,2C,生産用機器,67,回収・再生装置,99,その他,A
2C6801,2C,生産用機器,68,純水製造装置,01,本体,A
2C6850,2C,生産用機器,68,純水製造装置,50,ソフト(純水製造装置用),A
2C6890,2C,生産用機器,68,純水製造装置,90,専用補修部品,A
2C6891,2C,生産用機器,68,純水製造装置,91,移設・改造,A
2C6892,2C,生産用機器,68,純水製造装置,92,修理・オ－バ－ホ－ル,A
2C6893,2C,生産用機器,68,純水製造装置,93,二次側配線・配管,A
2C6899,2C,生産用機器,68,純水製造装置,99,その他,A
2C6901,2C,生産用機器,69,設備用ボイラ,01,本体,A
2C6950,2C,生産用機器,69,設備用ボイラ,50,ソフト(設備用ボイラ用),A
2C6990,2C,生産用機器,69,設備用ボイラ,90,専用補修部品,A
2C6991,2C,生産用機器,69,設備用ボイラ,91,移設・改造,A
2C6992,2C,生産用機器,69,設備用ボイラ,92,修理・オ－バ－ホ－ル,A
2C6993,2C,生産用機器,69,設備用ボイラ,93,二次側配線・配管,A
2C6999,2C,生産用機器,69,設備用ボイラ,99,その他,A
2C7001,2C,生産用機器,70,チラー,01,本体,A
2C7050,2C,生産用機器,70,チラー,50,ソフト(チラー用),A
2C7090,2C,生産用機器,70,チラー,90,専用補修部品,A
2C7091,2C,生産用機器,70,チラー,91,移設・改造,A
2C7092,2C,生産用機器,70,チラー,92,修理・オ－バ－ホ－ル,A
2C7093,2C,生産用機器,70,チラー,93,二次側配線・配管,A
2C7099,2C,生産用機器,70,チラー,99,その他,A
2C9901,2C,生産用機器,99,その他,01,本体,A
2C9950,2C,生産用機器,99,その他,50,ソフト(生産用機器用),A
2C9990,2C,生産用機器,99,その他,90,専用補修部品,A
2C9991,2C,生産用機器,99,その他,91,移設・改造,A
2C9992,2C,生産用機器,99,その他,92,修理・オ－バ－ホ－ル,A
2C9993,2C,生産用機器,99,その他,93,二次側配線・配管,A
2C9999,2C,生産用機器,99,その他,99,その他,A
2D0101,2D,工作機械,01,旋盤,01,本体,A
2D0150,2D,工作機械,01,旋盤,50,ソフト(旋盤用),A
2D0190,2D,工作機械,01,旋盤,90,専用補修部品,A
2D0191,2D,工作機械,01,旋盤,91,移設・改造,A
2D0192,2D,工作機械,01,旋盤,92,修理・オ－バ－ホ－ル,A
2D0193,2D,工作機械,01,旋盤,93,二次側配線・配管,A
2D0199,2D,工作機械,01,旋盤,99,その他,A
2D0201,2D,工作機械,02,自動盤,01,本体（単軸自動盤）,A
2D0202,2D,工作機械,02,自動盤,02,多軸自動盤,A
2D0250,2D,工作機械,02,自動盤,50,ソフト(自動盤用),A
2D0290,2D,工作機械,02,自動盤,90,専用補修部品,A
2D0291,2D,工作機械,02,自動盤,91,移設・改造,A
2D0292,2D,工作機械,02,自動盤,92,修理・オ－バ－ホ－ル,A
2D0293,2D,工作機械,02,自動盤,93,二次側配線・配管,A
2D0299,2D,工作機械,02,自動盤,99,その他,A
2D0301,2D,工作機械,03,切断機,01,本体,A
2D0350,2D,工作機械,03,切断機,50,ソフト(切断機用),A
2D0390,2D,工作機械,03,切断機,90,専用補修部品,A
2D0391,2D,工作機械,03,切断機,91,移設・改造,A
2D0392,2D,工作機械,03,切断機,92,修理・オ－バ－ホ－ル,A
2D0393,2D,工作機械,03,切断機,93,二次側配線・配管,A
2D0399,2D,工作機械,03,切断機,99,その他,A
2D0401,2D,工作機械,04,穴加工機,01,本体（ボ－ル盤）,A
2D0402,2D,工作機械,04,穴加工機,02,ガンドリルマシン,A
2D0403,2D,工作機械,04,穴加工機,03,タッピング盤,A
2D0450,2D,工作機械,04,穴加工機,50,ソフト(穴加工機用),A
2D0490,2D,工作機械,04,穴加工機,90,専用補修部品,A
2D0491,2D,工作機械,04,穴加工機,91,移設・改造,A
2D0492,2D,工作機械,04,穴加工機,92,修理・オ－バ－ホ－ル,A
2D0493,2D,工作機械,04,穴加工機,93,二次側配線・配管,A
2D0499,2D,工作機械,04,穴加工機,99,その他,A
2D0501,2D,工作機械,05,フライス盤,01,本体,A
2D0550,2D,工作機械,05,フライス盤,50,ソフト(フライス盤用),A
2D0590,2D,工作機械,05,フライス盤,90,専用補修部品,A
2D0591,2D,工作機械,05,フライス盤,91,移設・改造,A
2D0592,2D,工作機械,05,フライス盤,92,修理・オ－バ－ホ－ル,A
2D0593,2D,工作機械,05,フライス盤,93,二次側配線・配管,A
2D0599,2D,工作機械,05,フライス盤,99,その他,A
2D0601,2D,工作機械,06,マシニングセンタ,01,本体（マシニングセンタ）,A
2D0602,2D,工作機械,06,マシニングセンタ,02,治具ボ－ラ－,A
2D0650,2D,工作機械,06,マシニングセンタ,50,ソフト(マシニングセンタ用),A
2D0690,2D,工作機械,06,マシニングセンタ,90,専用補修部品,A
2D0691,2D,工作機械,06,マシニングセンタ,91,移設・改造,A
2D0692,2D,工作機械,06,マシニングセンタ,92,修理・オ－バ－ホ－ル,A
2D0693,2D,工作機械,06,マシニングセンタ,93,二次側配線・配管,A
2D0699,2D,工作機械,06,マシニングセンタ,99,その他,A
2D0701,2D,工作機械,07,ショットブラスト・研磨機,01,本体,A
2D0750,2D,工作機械,07,ショットブラスト・研磨機,50,ソフト(ショットブラスト・研磨機用),A
2D0790,2D,工作機械,07,ショットブラスト・研磨機,90,専用補修部品,A
2D0791,2D,工作機械,07,ショットブラスト・研磨機,91,移設・改造,A
2D0792,2D,工作機械,07,ショットブラスト・研磨機,92,修理・オ－バ－ホ－ル,A
2D0793,2D,工作機械,07,ショットブラスト・研磨機,93,二次側配線・配管,A
2D0799,2D,工作機械,07,ショットブラスト・研磨機,99,その他,A
2D0801,2D,工作機械,08,電気加工機,01,本体（ワイヤ－カット）,A
2D0802,2D,工作機械,08,電気加工機,02,放電加工機,A
2D0803,2D,工作機械,08,電気加工機,03,電解加工機,A
2D0804,2D,工作機械,08,電気加工機,04,レ－ザ－加工機,A
2D0805,2D,工作機械,08,電気加工機,05,電子ビ－ム加工機,A
2D0806,2D,工作機械,08,電気加工機,06,超音波加工機,A
2D0850,2D,工作機械,08,電気加工機,50,ソフト(電気加工機用),A
2D0890,2D,工作機械,08,電気加工機,90,専用補修部品,A
2D0891,2D,工作機械,08,電気加工機,91,移設・改造,A
2D0892,2D,工作機械,08,電気加工機,92,修理・オ－バ－ホ－ル,A
2D0893,2D,工作機械,08,電気加工機,93,二次側配線・配管,A
2D0899,2D,工作機械,08,電気加工機,99,その他,A
2D0901,2D,工作機械,09,研削盤,01,本体（円筒研削盤）,A
2D0902,2D,工作機械,09,研削盤,02,平面研削盤,A
2D0903,2D,工作機械,09,研削盤,03,センタレス研削盤,A
2D0904,2D,工作機械,09,研削盤,04,工具研削盤,A
2D0905,2D,工作機械,09,研削盤,05,万能研削盤,A
2D0907,2D,工作機械,09,研削盤,07,歯車研削盤,A
2D0908,2D,工作機械,09,研削盤,08,超仕上げ研削盤,A
2D0909,2D,工作機械,09,研削盤,09,ホ－ニング盤,A
2D0910,2D,工作機械,09,研削盤,10,内面研削盤,A
2D0911,2D,工作機械,09,研削盤,11,治具研削盤,A
2D0912,2D,工作機械,09,研削盤,12,ラッピング盤,A
2D0915,2D,工作機械,09,研削盤,15,その他研削盤本体,A
2D0950,2D,工作機械,09,研削盤,50,ソフト(研削盤用),A
2D0990,2D,工作機械,09,研削盤,90,専用補修部品,A
2D0991,2D,工作機械,09,研削盤,91,移設・改造,A
2D0992,2D,工作機械,09,研削盤,92,修理・オ－バ－ホ－ル,A
2D0993,2D,工作機械,09,研削盤,93,二次側配線・配管,A
2D0999,2D,工作機械,09,研削盤,99,その他,A
2D1001,2D,工作機械,10,中ぐり盤,01,本体,A
2D1050,2D,工作機械,10,中ぐり盤,50,ソフト(中ぐり盤用),A
2D1090,2D,工作機械,10,中ぐり盤,90,専用補修部品,A
2D1091,2D,工作機械,10,中ぐり盤,91,移設・改造,A
2D1092,2D,工作機械,10,中ぐり盤,92,修理・オ－バ－ホ－ル,A
2D1093,2D,工作機械,10,中ぐり盤,93,二次側配線・配管,A
2D1099,2D,工作機械,10,中ぐり盤,99,その他,A
2D1101,2D,工作機械,11,歯切り盤,01,本体,A
2D1150,2D,工作機械,11,歯切り盤,50,ソフト(歯切り盤用),A
2D1190,2D,工作機械,11,歯切り盤,90,専用補修部品,A
2D1191,2D,工作機械,11,歯切り盤,91,移設・改造,A
2D1192,2D,工作機械,11,歯切り盤,92,修理・オ－バ－ホ－ル,A
2D1193,2D,工作機械,11,歯切り盤,93,二次側配線・配管,A
2D1199,2D,工作機械,11,歯切り盤,99,その他,A
2D1201,2D,工作機械,12,転造盤,01,本体,A
2D1250,2D,工作機械,12,転造盤,50,ソフト(転造盤用),A
2D1290,2D,工作機械,12,転造盤,90,専用補修部品,A
2D1291,2D,工作機械,12,転造盤,91,移設・改造,A
2D1292,2D,工作機械,12,転造盤,92,修理・オ－バ－ホ－ル,A
2D1293,2D,工作機械,12,転造盤,93,二次側配線・配管,A
2D1299,2D,工作機械,12,転造盤,99,その他,A
2D1301,2D,工作機械,13,ＮＣ装置,01,本体,A
2D1350,2D,工作機械,13,ＮＣ装置,50,ソフト(ＮＣ装置用),A
2D1390,2D,工作機械,13,ＮＣ装置,90,専用補修部品,A
2D1392,2D,工作機械,13,ＮＣ装置,92,修理・オ－バ－ホ－ル,A
2D1399,2D,工作機械,13,ＮＣ装置,99,その他,A
2D9901,2D,工作機械,99,その他,01,本体,A
2D9950,2D,工作機械,99,その他,50,ソフト(工作機械用),A
2D9990,2D,工作機械,99,その他,90,専用補修部品,A
2D9991,2D,工作機械,99,その他,91,移設・改造,A
2D9992,2D,工作機械,99,その他,92,修理・オ－バ－ホ－ル,A
2D9993,2D,工作機械,99,その他,93,二次側配線・配管,A
2D9999,2D,工作機械,99,その他,99,その他,A
2F6001,2F,半導体製造装置,60,半導体ウェハ製造工程,01,装置本体,A
2F6050,2F,半導体製造装置,60,半導体ウェハ製造工程,50,購入ソフト,A
2F6090,2F,半導体製造装置,60,半導体ウェハ製造工程,90,専用補修部品,A
2F6091,2F,半導体製造装置,60,半導体ウェハ製造工程,91,移設・改造,A
2F6092,2F,半導体製造装置,60,半導体ウェハ製造工程,92,修理・オ－バ－ホ－ル,A
2F6093,2F,半導体製造装置,60,半導体ウェハ製造工程,93,二次側配線・配管,A
2F6099,2F,半導体製造装置,60,半導体ウェハ製造工程,99,その他,A
2F6101,2F,半導体製造装置,61,半導体リソグラフィ工程,01,装置本体,A
2F6150,2F,半導体製造装置,61,半導体リソグラフィ工程,50,購入ソフト,A
2F6190,2F,半導体製造装置,61,半導体リソグラフィ工程,90,専用補修部品,A
2F6191,2F,半導体製造装置,61,半導体リソグラフィ工程,91,移設・改造,A
2F6192,2F,半導体製造装置,61,半導体リソグラフィ工程,92,修理・オ－バ－ホ－ル,A
2F6193,2F,半導体製造装置,61,半導体リソグラフィ工程,93,二次側配線・配管,A
2F6199,2F,半導体製造装置,61,半導体リソグラフィ工程,99,その他,A
2F6201,2F,半導体製造装置,62,半導体エッチング工程,01,装置本体,A
2F6250,2F,半導体製造装置,62,半導体エッチング工程,50,購入ソフト,A
2F6290,2F,半導体製造装置,62,半導体エッチング工程,90,専用補修部品,A
2F6291,2F,半導体製造装置,62,半導体エッチング工程,91,移設・改造,A
2F6292,2F,半導体製造装置,62,半導体エッチング工程,92,修理・オ－バ－ホ－ル,A
2F6293,2F,半導体製造装置,62,半導体エッチング工程,93,二次側配線・配管,A
2F6299,2F,半導体製造装置,62,半導体エッチング工程,99,その他,A
2F6301,2F,半導体製造装置,63,半導体薄膜形成工程,01,装置本体,A
2F6350,2F,半導体製造装置,63,半導体薄膜形成工程,50,購入ソフト,A
2F6390,2F,半導体製造装置,63,半導体薄膜形成工程,90,専用補修部品,A
2F6391,2F,半導体製造装置,63,半導体薄膜形成工程,91,移設・改造,A
2F6392,2F,半導体製造装置,63,半導体薄膜形成工程,92,修理・オ－バ－ホ－ル,A
2F6393,2F,半導体製造装置,63,半導体薄膜形成工程,93,二次側配線・配管,A
2F6399,2F,半導体製造装置,63,半導体薄膜形成工程,99,その他,A
2F6401,2F,半導体製造装置,64,半導体ＣＭＰ工程,01,装置本体,A
2F6450,2F,半導体製造装置,64,半導体ＣＭＰ工程,50,購入ソフト,A
2F6490,2F,半導体製造装置,64,半導体ＣＭＰ工程,90,専用補修部品,A
2F6491,2F,半導体製造装置,64,半導体ＣＭＰ工程,91,移設・改造,A
2F6492,2F,半導体製造装置,64,半導体ＣＭＰ工程,92,修理・オ－バ－ホ－ル,A
2F6493,2F,半導体製造装置,64,半導体ＣＭＰ工程,93,二次側配線・配管,A
2F6499,2F,半導体製造装置,64,半導体ＣＭＰ工程,99,その他,A
2F6501,2F,半導体製造装置,65,半導体ドーピング工程,01,装置本体,A
2F6550,2F,半導体製造装置,65,半導体ドーピング工程,50,購入ソフト,A
2F6590,2F,半導体製造装置,65,半導体ドーピング工程,90,専用補修部品,A
2F6591,2F,半導体製造装置,65,半導体ドーピング工程,91,移設・改造,A
2F6592,2F,半導体製造装置,65,半導体ドーピング工程,92,修理・オ－バ－ホ－ル,A
2F6593,2F,半導体製造装置,65,半導体ドーピング工程,93,二次側配線・配管,A
2F6599,2F,半導体製造装置,65,半導体ドーピング工程,99,その他,A
2F6601,2F,半導体製造装置,66,半導体洗浄・乾燥工程,01,装置本体,A
2F6650,2F,半導体製造装置,66,半導体洗浄・乾燥工程,50,購入ソフト,A
2F6690,2F,半導体製造装置,66,半導体洗浄・乾燥工程,90,専用補修部品,A
2F6691,2F,半導体製造装置,66,半導体洗浄・乾燥工程,91,移設・改造,A
2F6692,2F,半導体製造装置,66,半導体洗浄・乾燥工程,92,修理・オ－バ－ホ－ル,A
2F6693,2F,半導体製造装置,66,半導体洗浄・乾燥工程,93,二次側配線・配管,A
2F6699,2F,半導体製造装置,66,半導体洗浄・乾燥工程,99,その他,A
2F6701,2F,半導体製造装置,67,半導体後工程,01,装置本体,A
2F6750,2F,半導体製造装置,67,半導体後工程,50,購入ソフト,A
2F6790,2F,半導体製造装置,67,半導体後工程,90,専用補修部品,A
2F6791,2F,半導体製造装置,67,半導体後工程,91,移設・改造,A
2F6792,2F,半導体製造装置,67,半導体後工程,92,修理・オ－バ－ホ－ル,A
2F6793,2F,半導体製造装置,67,半導体後工程,93,二次側配線・配管,A
2F6799,2F,半導体製造装置,67,半導体後工程,99,その他,A
2F6801,2F,半導体製造装置,68,半導体検査工程,01,装置本体,A
2F6850,2F,半導体製造装置,68,半導体検査工程,50,購入ソフト,A
2F6890,2F,半導体製造装置,68,半導体検査工程,90,専用補修部品,A
2F6891,2F,半導体製造装置,68,半導体検査工程,91,移設・改造,A
2F6892,2F,半導体製造装置,68,半導体検査工程,92,修理・オ－バ－ホ－ル,A
2F6893,2F,半導体製造装置,68,半導体検査工程,93,二次側配線・配管,A
2F6899,2F,半導体製造装置,68,半導体検査工程,99,その他,A
2J0101,2J,計測器・試験機,01,技術開発・信頼性用試験装置,01,本体,A
2J0102,2J,計測器・試験機,01,技術開発・信頼性用試験装置,02,付帯機器,A
2J0150,2J,計測器・試験機,01,技術開発・信頼性用試験装置,50,ソフト(試験装置用),A
2J0190,2J,計測器・試験機,01,技術開発・信頼性用試験装置,90,補修部品,A
2J0191,2J,計測器・試験機,01,技術開発・信頼性用試験装置,91,移設・改造,A
2J0192,2J,計測器・試験機,01,技術開発・信頼性用試験装置,92,修理・オ－バ－ホ－ル,A
2J0193,2J,計測器・試験機,01,技術開発・信頼性用試験装置,93,二次側配線・配管,A
2J0195,2J,計測器・試験機,01,技術開発・信頼性用試験装置,95,リース・レンタル,A
2J0199,2J,計測器・試験機,01,技術開発・信頼性用試験装置,99,その他,A
2J0201,2J,計測器・試験機,02,恒温槽・冷熱衝撃試験機,01,本体,A
2J0202,2J,計測器・試験機,02,恒温槽・冷熱衝撃試験機,02,付帯機器,A
2J0250,2J,計測器・試験機,02,恒温槽・冷熱衝撃試験機,50,ソフト(恒温槽用),A
2J0290,2J,計測器・試験機,02,恒温槽・冷熱衝撃試験機,90,補修部品,A
2J0291,2J,計測器・試験機,02,恒温槽・冷熱衝撃試験機,91,移設・改造,A
2J0292,2J,計測器・試験機,02,恒温槽・冷熱衝撃試験機,92,修理・オ－バ－ホ－ル,A
2J0293,2J,計測器・試験機,02,恒温槽・冷熱衝撃試験機,93,二次側配線・配管,A
2J0295,2J,計測器・試験機,02,恒温槽・冷熱衝撃試験機,95,リース・レンタル,A
2J0299,2J,計測器・試験機,02,恒温槽・冷熱衝撃試験機,99,その他,A
2J0301,2J,計測器・試験機,03,生産用検査装置・テストベンチ,01,本体,A
2J0302,2J,計測器・試験機,03,生産用検査装置・テストベンチ,02,付帯機器,A
2J0350,2J,計測器・試験機,03,生産用検査装置・テストベンチ,50,ソフト(テストベンチ用),A
2J0390,2J,計測器・試験機,03,生産用検査装置・テストベンチ,90,補修部品,A
2J0391,2J,計測器・試験機,03,生産用検査装置・テストベンチ,91,移設・改造,A
2J0392,2J,計測器・試験機,03,生産用検査装置・テストベンチ,92,修理・オ－バ－ホ－ル,A
2J0393,2J,計測器・試験機,03,生産用検査装置・テストベンチ,93,二次側配線・配管,A
2J0395,2J,計測器・試験機,03,生産用検査装置・テストベンチ,95,リース・レンタル,A
2J0399,2J,計測器・試験機,03,生産用検査装置・テストベンチ,99,その他,A
2J0401,2J,計測器・試験機,04,長さ角度測定器,01,本体,A
2J0402,2J,計測器・試験機,04,長さ角度測定器,02,付帯機器,A
2J0450,2J,計測器・試験機,04,長さ角度測定器,50,ソフト(長さ角度測定器用),A
2J0490,2J,計測器・試験機,04,長さ角度測定器,90,補修部品,A
2J0491,2J,計測器・試験機,04,長さ角度測定器,91,移設・改造,A
2J0492,2J,計測器・試験機,04,長さ角度測定器,92,修理・オ－バ－ホ－ル,A
2J0493,2J,計測器・試験機,04,長さ角度測定器,93,二次側配線・配管,A
2J0495,2J,計測器・試験機,04,長さ角度測定器,95,リース・レンタル,A
2J0499,2J,計測器・試験機,04,長さ角度測定器,99,その他,A
2J0501,2J,計測器・試験機,05,力学・圧力測定器,01,本体,A
2J0502,2J,計測器・試験機,05,力学・圧力測定器,02,付帯機器,A
2J0550,2J,計測器・試験機,05,力学・圧力測定器,50,ソフト(力学・圧力測定器用),A
2J0590,2J,計測器・試験機,05,力学・圧力測定器,90,補修部品,A
2J0591,2J,計測器・試験機,05,力学・圧力測定器,91,移設・改造,A
2J0592,2J,計測器・試験機,05,力学・圧力測定器,92,修理・オ－バ－ホ－ル,A
2J0593,2J,計測器・試験機,05,力学・圧力測定器,93,二次側配線・配管,A
2J0595,2J,計測器・試験機,05,力学・圧力測定器,95,リース・レンタル,A
2J0599,2J,計測器・試験機,05,力学・圧力測定器,99,その他,A
2J0601,2J,計測器・試験機,06,温度測定器,01,本体,A
2J0602,2J,計測器・試験機,06,温度測定器,02,付帯機器,A
2J0650,2J,計測器・試験機,06,温度測定器,50,ソフト(温度測定器用),A
2J0690,2J,計測器・試験機,06,温度測定器,90,補修部品,A
2J0691,2J,計測器・試験機,06,温度測定器,91,移設・改造,A
2J0692,2J,計測器・試験機,06,温度測定器,92,修理・オ－バ－ホ－ル,A
2J0693,2J,計測器・試験機,06,温度測定器,93,二次側配線・配管,A
2J0695,2J,計測器・試験機,06,温度測定器,95,リース・レンタル,A
2J0699,2J,計測器・試験機,06,温度測定器,99,その他,A
2J0701,2J,計測器・試験機,07,電気磁気計測器,01,本体,A
2J0702,2J,計測器・試験機,07,電気磁気計測器,02,付帯機器,A
2J0750,2J,計測器・試験機,07,電気磁気計測器,50,ソフト(電気磁気計測器用),A
2J0790,2J,計測器・試験機,07,電気磁気計測器,90,補修部品,A
2J0791,2J,計測器・試験機,07,電気磁気計測器,91,移設・改造,A
2J0792,2J,計測器・試験機,07,電気磁気計測器,92,修理・オ－バ－ホ－ル,A
2J0793,2J,計測器・試験機,07,電気磁気計測器,93,二次側配線・配管,A
2J0795,2J,計測器・試験機,07,電気磁気計測器,95,リース・レンタル,A
2J0799,2J,計測器・試験機,07,電気磁気計測器,99,その他,A
2J0801,2J,計測器・試験機,08,信号・記録測定器,01,本体,A
2J0802,2J,計測器・試験機,08,信号・記録測定器,02,付帯機器,A
2J0850,2J,計測器・試験機,08,信号・記録測定器,50,ソフト(信号・記録測定器用),A
2J0890,2J,計測器・試験機,08,信号・記録測定器,90,補修部品,A
2J0891,2J,計測器・試験機,08,信号・記録測定器,91,移設・改造,A
2J0892,2J,計測器・試験機,08,信号・記録測定器,92,修理・オ－バ－ホ－ル,A
2J0893,2J,計測器・試験機,08,信号・記録測定器,93,二次側配線・配管,A
2J0895,2J,計測器・試験機,08,信号・記録測定器,95,リース・レンタル,A
2J0899,2J,計測器・試験機,08,信号・記録測定器,99,その他,A
2J0901,2J,計測器・試験機,09,回転・時間測定器,01,本体,A
2J0902,2J,計測器・試験機,09,回転・時間測定器,02,付帯機器,A
2J0950,2J,計測器・試験機,09,回転・時間測定器,50,ソフト(回転・時間測定器用),A
2J0990,2J,計測器・試験機,09,回転・時間測定器,90,補修部品,A
2J0991,2J,計測器・試験機,09,回転・時間測定器,91,移設・改造,A
2J0992,2J,計測器・試験機,09,回転・時間測定器,92,修理・オ－バ－ホ－ル,A
2J0993,2J,計測器・試験機,09,回転・時間測定器,93,二次側配線・配管,A
2J0995,2J,計測器・試験機,09,回転・時間測定器,95,リース・レンタル,A
2J0999,2J,計測器・試験機,09,回転・時間測定器,99,その他,A
2J1001,2J,計測器・試験機,10,成分分析測定器,01,本体,A
2J1002,2J,計測器・試験機,10,成分分析測定器,02,付帯機器,A
2J1050,2J,計測器・試験機,10,成分分析測定器,50,ソフト(成分分析測定器用),A
2J1090,2J,計測器・試験機,10,成分分析測定器,90,補修部品,A
2J1091,2J,計測器・試験機,10,成分分析測定器,91,移設・改造,A
2J1092,2J,計測器・試験機,10,成分分析測定器,92,修理・オ－バ－ホ－ル,A
2J1093,2J,計測器・試験機,10,成分分析測定器,93,二次側配線・配管,A
2J1095,2J,計測器・試験機,10,成分分析測定器,95,リース・レンタル,A
2J1099,2J,計測器・試験機,10,成分分析測定器,99,その他,A
2J1101,2J,計測器・試験機,11,流体測定器,01,本体,A
2J1102,2J,計測器・試験機,11,流体測定器,02,付帯機器,A
2J1150,2J,計測器・試験機,11,流体測定器,50,ソフト(流体測定器用),A
2J1190,2J,計測器・試験機,11,流体測定器,90,補修部品,A
2J1191,2J,計測器・試験機,11,流体測定器,91,移設・改造,A
2J1192,2J,計測器・試験機,11,流体測定器,92,修理・オ－バ－ホ－ル,A
2J1193,2J,計測器・試験機,11,流体測定器,93,二次側配線・配管,A
2J1195,2J,計測器・試験機,11,流体測定器,95,リース・レンタル,A
2J1199,2J,計測器・試験機,11,流体測定器,99,その他,A
2J1201,2J,計測器・試験機,12,光測定器,01,本体,A
2J1202,2J,計測器・試験機,12,光測定器,02,付帯機器,A
2J1250,2J,計測器・試験機,12,光測定器,50,ソフト(光測定器用),A
2J1290,2J,計測器・試験機,12,光測定器,90,補修部品,A
2J1291,2J,計測器・試験機,12,光測定器,91,移設・改造,A
2J1292,2J,計測器・試験機,12,光測定器,92,修理・オ－バ－ホ－ル,A
2J1293,2J,計測器・試験機,12,光測定器,93,二次側配線・配管,A
2J1295,2J,計測器・試験機,12,光測定器,95,リース・レンタル,A
2J1299,2J,計測器・試験機,12,光測定器,99,その他,A
2J1301,2J,計測器・試験機,13,音響・振動測定器,01,本体,A
2J1302,2J,計測器・試験機,13,音響・振動測定器,02,付帯機器,A
2J1350,2J,計測器・試験機,13,音響・振動測定器,50,ソフト(音響・振動測定器用),A
2J1390,2J,計測器・試験機,13,音響・振動測定器,90,補修部品,A
2J1391,2J,計測器・試験機,13,音響・振動測定器,91,移設・改造,A
2J1392,2J,計測器・試験機,13,音響・振動測定器,92,修理・オ－バ－ホ－ル,A
2J1393,2J,計測器・試験機,13,音響・振動測定器,93,二次側配線・配管,A
2J1395,2J,計測器・試験機,13,音響・振動測定器,95,リース・レンタル,A
2J1399,2J,計測器・試験機,13,音響・振動測定器,99,その他,A
2J9901,2J,計測器・試験機,99,計測器,01,本体,A
2J9902,2J,計測器・試験機,99,計測器,02,付帯機器,A
2J9950,2J,計測器・試験機,99,計測器,50,ソフト（計測器用）,A
2J9990,2J,計測器・試験機,99,計測器,90,補修部品,A
2J9991,2J,計測器・試験機,99,計測器,91,移設・改造,A
2J9992,2J,計測器・試験機,99,計測器,92,修理・オーバーホール（校正）,A
2J9993,2J,計測器・試験機,99,計測器,93,二次側配線・配管,A
2J9995,2J,計測器・試験機,99,計測器,95,リース・レンタル,A
2J9999,2J,計測器・試験機,99,計測器,99,その他,A
2N0101,2N,刃具・工具,01,ハイス切削工具,01,スロ－アウェイチップ,A
2N0102,2N,刃具・工具,01,ハイス切削工具,02,バイト,A
2N0103,2N,刃具・工具,01,ハイス切削工具,03,フライス,A
2N0104,2N,刃具・工具,01,ハイス切削工具,04,ドリル,A
2N0105,2N,刃具・工具,01,ハイス切削工具,05,リ－マ－,A
2N0106,2N,刃具・工具,01,ハイス切削工具,06,タップ・ダイス,A
2N0107,2N,刃具・工具,01,ハイス切削工具,07,歯切工具,A
2N0108,2N,刃具・工具,01,ハイス切削工具,08,ブロ－チ,A
2N0182,2N,刃具・工具,01,ハイス切削工具,82,再研磨,A
2N0183,2N,刃具・工具,01,ハイス切削工具,83,コーティング,A
2N0199,2N,刃具・工具,01,ハイス切削工具,99,その他,A
2N0201,2N,刃具・工具,02,超硬切削工具,01,スロ－アウェイチップ,A
2N0202,2N,刃具・工具,02,超硬切削工具,02,バイト,A
2N0203,2N,刃具・工具,02,超硬切削工具,03,フライス,A
2N0204,2N,刃具・工具,02,超硬切削工具,04,ドリル,A
2N0205,2N,刃具・工具,02,超硬切削工具,05,リ－マ－,A
2N0206,2N,刃具・工具,02,超硬切削工具,06,タップ・ダイス,A
2N0207,2N,刃具・工具,02,超硬切削工具,07,歯切工具,A
2N0208,2N,刃具・工具,02,超硬切削工具,08,ブロ－チ,A
2N0282,2N,刃具・工具,02,超硬切削工具,82,再研磨,A
2N0283,2N,刃具・工具,02,超硬切削工具,83,コーティング,A
2N0299,2N,刃具・工具,02,超硬切削工具,99,その他,A
2N0301,2N,刃具・工具,03,ダイヤモンド切削工具,01,スロ－アウェイチップ,A
2N0302,2N,刃具・工具,03,ダイヤモンド切削工具,02,バイト,A
2N0303,2N,刃具・工具,03,ダイヤモンド切削工具,03,フライス,A
2N0304,2N,刃具・工具,03,ダイヤモンド切削工具,04,ドリル,A
2N0305,2N,刃具・工具,03,ダイヤモンド切削工具,05,リ－マ－,A
2N0382,2N,刃具・工具,03,ダイヤモンド切削工具,82,再研磨,A
2N0383,2N,刃具・工具,03,ダイヤモンド切削工具,83,その他,A
2N0401,2N,刃具・工具,04,研削工具,01,普通砥石,A
2N0402,2N,刃具・工具,04,研削工具,02,ダイヤモンド・ＣＢＮ砥石,A
2N0403,2N,刃具・工具,04,研削工具,03,ダイヤモンドドレッサ－,A
2N0492,2N,刃具・工具,04,研削工具,92,再研磨・修理,A
2N0499,2N,刃具・工具,04,研削工具,99,その他,A
2N0501,2N,刃具・工具,05,研磨材,01,研磨材,A
2N0502,2N,刃具・工具,05,研磨材,02,ショット材,A
2N0599,2N,刃具・工具,05,研磨材,99,その他,A
2N0601,2N,刃具・工具,06,作業工具,01,手作業工具・ヤスリ・研磨紙,A
2N0602,2N,刃具・工具,06,作業工具,02,ハンダ付工具,A
2N0603,2N,刃具・工具,06,作業工具,03,作業用簡易機器,A
2N0604,2N,刃具・工具,06,作業工具,04,テーキン,A
2N0605,2N,刃具・工具,06,作業工具,05,トルクレンチ,A
2N0692,2N,刃具・工具,06,作業工具,92,修理,A
2N0699,2N,刃具・工具,06,作業工具,99,その他,A
2N0701,2N,刃具・工具,07,電動工具,01,電動工具,A
2N0792,2N,刃具・工具,07,電動工具,92,修理,A
2N0799,2N,刃具・工具,07,電動工具,99,その他,A
2N0801,2N,刃具・工具,08,エアー工具,01,エアー工具,A
2N0892,2N,刃具・工具,08,エアー工具,92,修理,A
2N0899,2N,刃具・工具,08,エアー工具,99,その他,A
2N0901,2N,刃具・工具,09,特殊工具,01,電極,A
2N0902,2N,刃具・工具,09,特殊工具,02,電極再研磨,A
2N0903,2N,刃具・工具,09,特殊工具,03,刃具保持具,A
2N0904,2N,刃具・工具,09,特殊工具,04,刃具保持具修理,A
2N0906,2N,刃具・工具,09,特殊工具,06,匣鉢,A
2N0992,2N,刃具・工具,09,特殊工具,92,修理,A
2N0999,2N,刃具・工具,09,特殊工具,99,その他,A
3K0101,3K,情報処理機器,01,ホストコンピュータ,01,本体,A
3K0102,3K,情報処理機器,01,ホストコンピュータ,02,周辺機器,A
3K0105,3K,情報処理機器,01,ホストコンピュータ,05,ハード保守,A
3K0190,3K,情報処理機器,01,ホストコンピュータ,90,専用補修部品,A
3K0191,3K,情報処理機器,01,ホストコンピュータ,91,移設・改造,A
3K0192,3K,情報処理機器,01,ホストコンピュータ,92,修理・オ－バ－ホ－ル,A
3K0193,3K,情報処理機器,01,ホストコンピュータ,93,二次側配線・配管,A
3K0195,3K,情報処理機器,01,ホストコンピュータ,95,リース・レンタル,A
3K0199,3K,情報処理機器,01,ホストコンピュータ,99,その他,A
3K0401,3K,情報処理機器,04,パソコン,01,本体,A
3K0402,3K,情報処理機器,04,パソコン,02,周辺機器,A
3K0405,3K,情報処理機器,04,パソコン,05,ハード保守,A
3K0407,3K,情報処理機器,04,パソコン,07,印刷機器,A
3K0409,3K,情報処理機器,04,パソコン,09,外部記憶媒体・NAS,A
3K0490,3K,情報処理機器,04,パソコン,90,専用補修部品,A
3K0492,3K,情報処理機器,04,パソコン,92,修理・オ－バ－ホ－ル,A
3K0495,3K,情報処理機器,04,パソコン,95,リース・レンタル,A
3K0499,3K,情報処理機器,04,パソコン,99,その他,A
3K0601,3K,情報処理機器,06,サーバ・システム,01,本体,A
3K0602,3K,情報処理機器,06,サーバ・システム,02,周辺機器,A
3K0605,3K,情報処理機器,06,サーバ・システム,05,ハード保守,A
3K0690,3K,情報処理機器,06,サーバ・システム,90,専用補修部品,A
3K0691,3K,情報処理機器,06,サーバ・システム,91,移設・改造,A
3K0692,3K,情報処理機器,06,サーバ・システム,92,修理・オ－バ－ホ－ル,A
3K0693,3K,情報処理機器,06,サーバ・システム,93,二次側配線・配管,A
3K0695,3K,情報処理機器,06,サーバ・システム,95,リース・レンタル,A
3K0699,3K,情報処理機器,06,サーバ・システム,99,その他,A
3K9901,3K,情報処理機器,99,その他,01,本体,A
3K9902,3K,情報処理機器,99,その他,02,周辺機器,A
3K9903,3K,情報処理機器,99,その他,03,セキュリティカメラ,A
3K9904,3K,情報処理機器,99,その他,04,セキュアカメラ,A
3K9905,3K,情報処理機器,99,その他,05,ハード保守,A
3K9911,3K,情報処理機器,99,その他,11,モバイル・スマート端末・携帯電話,A
3K9913,3K,情報処理機器,99,その他,13,モバイル端末付属品,A
3K9990,3K,情報処理機器,99,その他,90,専用補修部品,A
3K9991,3K,情報処理機器,99,その他,91,移設・改造,A
3K9992,3K,情報処理機器,99,その他,92,修理・オ－バ－ホ－ル,A
3K9993,3K,情報処理機器,99,その他,93,二次側配線・配管,A
3K9995,3K,情報処理機器,99,その他,95,リース・レンタル,A
3K9999,3K,情報処理機器,99,その他,99,その他,A
3M0101,3M,機械・電気・電子部品,01,機械油気圧部品,01,モジュール（インデックスユニット）,A
3M0102,3M,機械・電気・電子部品,01,機械油気圧部品,02,直動部品（スピンドルユニット）,A
3M0103,3M,機械・電気・電子部品,01,機械油気圧部品,03,回転部品（ベアリング）,A
3M0104,3M,機械・電気・電子部品,01,機械油気圧部品,04,伝導部品（ボールネジ・LMガイド）,A
3M0105,3M,機械・電気・電子部品,01,機械油気圧部品,05,減速機・変速機,A
3M0111,3M,機械・電気・電子部品,01,機械油気圧部品,11,ネジ・ボルト（リベット・ブッシュ・蝶番）,A
3M0112,3M,機械・電気・電子部品,01,機械油気圧部品,12,ピン・小物部品（カムフォロア）,A
3M0113,3M,機械・電気・電子部品,01,機械油気圧部品,13,連結リンク部品（シャフト）,A
3M0114,3M,機械・電気・電子部品,01,機械油気圧部品,14,位置決め部品（ギア）,A
3M0115,3M,機械・電気・電子部品,01,機械油気圧部品,15,配管部品（継手）,A
3M0116,3M,機械・電気・電子部品,01,機械油気圧部品,16,スプリング・衝撃保護部品（バネ）,A
3M0117,3M,機械・電気・電子部品,01,機械油気圧部品,17,フレーム・サポート部品（電動アクチュエータ）,A
3M0121,3M,機械・電気・電子部品,01,機械油気圧部品,21,搬送機器（チェーン・ロープ・ベルト）,A
3M0122,3M,機械・電気・電子部品,01,機械油気圧部品,22,空気圧機器,A
3M0123,3M,機械・電気・電子部品,01,機械油気圧部品,23,油圧機器,A
3M0124,3M,機械・電気・電子部品,01,機械油気圧部品,24,真空機器（パッキン・Oリング・シール）,A
3M0125,3M,機械・電気・電子部品,01,機械油気圧部品,25,吐出・塗布機器（水用ポンプ）,A
3M0126,3M,機械・電気・電子部品,01,機械油気圧部品,26,温調機器（真空ポンプ）,A
3M0150,3M,機械・電気・電子部品,01,機械油気圧部品,50,ソフト(機械油気圧部品用),A
3M0199,3M,機械・電気・電子部品,01,機械油気圧部品,99,その他,A
3M0201,3M,機械・電気・電子部品,02,電気・電子部品,01,センサー・スイッチ,A
3M0202,3M,機械・電気・電子部品,02,電気・電子部品,02,コネクタ・端子,A
3M0203,3M,機械・電気・電子部品,02,電気・電子部品,03,配線,A
3M0204,3M,機械・電気・電子部品,02,電気・電子部品,04,制禦機器（制御部品・シーケーンサー及び関連機器）,A
3M0205,3M,機械・電気・電子部品,02,電気・電子部品,05,電源回路,A
3M0211,3M,機械・電気・電子部品,02,電気・電子部品,11,通信機器,A
3M0212,3M,機械・電気・電子部品,02,電気・電子部品,12,検出機器,A
3M0213,3M,機械・電気・電子部品,02,電気・電子部品,13,照明・表示機器（設備用）,A
3M0214,3M,機械・電気・電子部品,02,電気・電子部品,14,基板（設備・研究用）,A
3M0215,3M,機械・電気・電子部品,02,電気・電子部品,15,半導体デバイス（設備・研究用）,A
3M0217,3M,機械・電気・電子部品,02,電気・電子部品,17,モ－タ－及び関連機器,A
3M0219,3M,機械・電気・電子部品,02,電気・電子部品,19,ヒーター,A
3M0250,3M,機械・電気・電子部品,02,電気・電子部品,50,ソフト（電気電子部品用）,A
3M0299,3M,機械・電気・電子部品,02,電気・電子部品,99,その他,A
3P0101,3P,冶具板金,01,治具,01,機械用治具製作,A
3P0102,3P,冶具板金,01,治具,02,研究用治具製作,A
3P0199,3P,冶具板金,01,治具,99,その他,A
3P0201,3P,冶具板金,02,板金,01,機械用板金（工事・部材含む）,A
3P0202,3P,冶具板金,02,板金,02,研究用板金製作,A
3P0299,3P,冶具板金,02,板金,99,その他,A
4Q0101,4Q,輸送機関,01,車両,01,自動車,A
4Q0102,4Q,輸送機関,01,車両,02,バイク,A
4Q0103,4Q,輸送機関,01,車両,03,自転車,A
4Q0104,4Q,輸送機関,01,車両,04,構内運搬車両,A
4Q0195,4Q,輸送機関,01,車両,95,リース・レンタル,A
4Q0199,4Q,輸送機関,01,車両,99,その他,A
5R0101,5R,施設工事,01,建築工事,01,新・増築工事,A
5R0191,5R,施設工事,01,建築工事,91,改修・修理工事,A
5R0192,5R,施設工事,01,建築工事,92,点検・整備工事,A
5R0196,5R,施設工事,01,建築工事,96,解体・撤去・移設工事,A
5R0199,5R,施設工事,01,建築工事,99,その他,A
5R0201,5R,施設工事,02,土木工事,01,舗装工事,A
5R0202,5R,施設工事,02,土木工事,02,機械基礎・ピット工事,A
5R0203,5R,施設工事,02,土木工事,03,造成工事,A
5R0291,5R,施設工事,02,土木工事,91,改修・修理工事,A
5R0292,5R,施設工事,02,土木工事,92,点検・整備工事,A
5R0296,5R,施設工事,02,土木工事,96,解体・撤去工事,A
5R0299,5R,施設工事,02,土木工事,99,その他,A
5R0301,5R,施設工事,03,測量・調査,01,建築・土木工事,A
5R0302,5R,施設工事,03,測量・調査,02,空調・配管工事,A
5R0303,5R,施設工事,03,測量・調査,03,電気工事,A
5R0399,5R,施設工事,03,測量・調査,99,その他,A
5R0401,5R,施設工事,04,給排水工事,01,新・追加工事,A
5R0491,5R,施設工事,04,給排水工事,91,改修・修理工事,A
5R0492,5R,施設工事,04,給排水工事,92,点検・整備工事,A
5R0496,5R,施設工事,04,給排水工事,96,解体・撤去・移設工事,A
5R0499,5R,施設工事,04,給排水工事,99,その他,A
5R0501,5R,施設工事,05,電気工事,01,新・追加工事,A
5R0591,5R,施設工事,05,電気工事,91,改修・修理工事,A
5R0592,5R,施設工事,05,電気工事,92,点検・整備工事,A
5R0596,5R,施設工事,05,電気工事,96,解体・撤去・移設工事,A
5R0599,5R,施設工事,05,電気工事,99,その他,A
5R0601,5R,施設工事,06,ガス工事,01,新・追加工事,A
5R0691,5R,施設工事,06,ガス工事,91,改修・修理工事,A
5R0692,5R,施設工事,06,ガス工事,92,点検・整備工事,A
5R0696,5R,施設工事,06,ガス工事,96,解体・撤去・移設工事,A
5R0699,5R,施設工事,06,ガス工事,99,その他,A
5R0701,5R,施設工事,07,空調工事,01,新・追加工事,A
5R0791,5R,施設工事,07,空調工事,91,改修・修理工事,A
5R0792,5R,施設工事,07,空調工事,92,点検・整備工事,A
5R0796,5R,施設工事,07,空調工事,96,解体・撤去・移設工事,A
5R0799,5R,施設工事,07,空調工事,99,その他,A
5R0801,5R,施設工事,08,情報通信工事,01,新・追加工事,A
5R0891,5R,施設工事,08,情報通信工事,91,改修・修理工事,A
5R0892,5R,施設工事,08,情報通信工事,92,点検・整備工事,A
5R0896,5R,施設工事,08,情報通信工事,96,解体・撤去・移設工事,A
5R0899,5R,施設工事,08,情報通信工事,99,その他,A
5R0995,5R,施設工事,09,倉庫,95,リース・レンタル,A
5R1095,5R,施設工事,10,倉庫設備,95,リース・レンタル,A
5R1195,5R,施設工事,11,住宅,95,リース・レンタル,A
5R1295,5R,施設工事,12,オフィススペース,95,リース・レンタル,A
5R9901,5R,施設工事,99,その他,01,新・追加工事,A
5R9991,5R,施設工事,99,その他,91,改修・修理工事,A
5R9992,5R,施設工事,99,その他,92,点検・整備工事,A
5R9996,5R,施設工事,99,その他,96,解体・撤去・移設工事,A
5R9999,5R,施設工事,99,その他,99,その他,A
5U0101,5U,外注委託,01,環境衛生,01,清掃,A
5U0102,5U,外注委託,01,環境衛生,02,廃棄,A
5U0103,5U,外注委託,01,環境衛生,03,産業廃棄物,A
5U0201,5U,外注委託,02,生産支援,01,梱包・運搬,A
5U0202,5U,外注委託,02,生産支援,02,品質・検査,A
5U0301,5U,外注委託,03,マーケティング・広報,01,広告,A
5U0302,5U,外注委託,03,マーケティング・広報,02,広報活動,A
5U0303,5U,外注委託,03,マーケティング・広報,03,イベント,A
5U0304,5U,外注委託,03,マーケティング・広報,04,メディア,A
5U0305,5U,外注委託,03,マーケティング・広報,05,市場調査,A
5U0401,5U,外注委託,04,納入物流,01,国内運賃,A
5U0402,5U,外注委託,04,納入物流,02,国内運賃（不定期便）,A
5U0403,5U,外注委託,04,納入物流,03,社外倉庫保管費,A
5U9901,5U,外注委託,99,その他,01,教育,A
5U9902,5U,外注委託,99,その他,02,セキュリティ,A
5U9903,5U,外注委託,99,その他,03,旅行,A
5U9904,5U,外注委託,99,その他,04,医療,A
5U9905,5U,外注委託,99,その他,05,【無断使用禁止】サービス資料作成費,A
5U9999,5U,外注委託,99,その他,99,その他,A
7A0101,7A,事務・技術系業務委託,01,ソフトウェア開発,01,製品組込ソフトウェア開発,A
7A0103,7A,事務・技術系業務委託,01,ソフトウェア開発,03,業務系ソフトウェア開発,A
7A0105,7A,事務・技術系業務委託,01,ソフトウェア開発,05,開発環境構築,A
7A0107,7A,事務・技術系業務委託,01,ソフトウェア開発,07,その他ソフトウェア開発関連業務,A
7A0301,7A,事務・技術系業務委託,03,機械・電子ハード設計,01,機械設計・解析,A
7A0303,7A,事務・技術系業務委託,03,機械・電子ハード設計,03,基板設計・解析,A
7A0305,7A,事務・技術系業務委託,03,機械・電子ハード設計,05,半導体設計・解析,A
7A0501,7A,事務・技術系業務委託,05,試験・分析・測定,01,信頼性試験（DN構内常駐）,A
7A0503,7A,事務・技術系業務委託,05,試験・分析・測定,03,EMC試験,A
7A0505,7A,事務・技術系業務委託,05,試験・分析・測定,05,ストレス試験,A
7A0507,7A,事務・技術系業務委託,05,試験・分析・測定,07,分解・断面精査,A
7A0509,7A,事務・技術系業務委託,05,試験・分析・測定,09,その他試験,A
7A0511,7A,事務・技術系業務委託,05,試験・分析・測定,11,材料分析・構造解析,A
7A0513,7A,事務・技術系業務委託,05,試験・分析・測定,13,におい分析,A
7A0515,7A,事務・技術系業務委託,05,試験・分析・測定,15,作業環境測定、水質分析,A
7A0517,7A,事務・技術系業務委託,05,試験・分析・測定,17,その他分析、測定,A
7A0701,7A,事務・技術系業務委託,07,翻訳・通訳,01,翻訳・通訳,A
7A9999,7A,事務・技術系業務委託,99,その他事務技術系業務委託,99,コンサルティング、調査、他,A
7B0101,7B,労働者派遣,01,労働者派遣,01,事務系業務,A
7B0103,7B,労働者派遣,01,労働者派遣,03,ソフト開発業務,A
7B0105,7B,労働者派遣,01,労働者派遣,05,機械・電子ハード設計業務,A
7B0107,7B,労働者派遣,01,労働者派遣,07,試験・分析・測定業務,A
7B0109,7B,労働者派遣,01,労働者派遣,09,その他技術系業務,A
7B0111,7B,労働者派遣,01,労働者派遣,11,技能系業務,A
7C0101,7C,ライセンス（ソフトウェア）,01,製品搭載ソフト,01,ソフトウェア使用料,A
7C0103,7C,ライセンス（ソフトウェア）,01,製品搭載ソフト,03,ソフトウェア保守,A
7C0105,7C,ライセンス（ソフトウェア）,01,製品搭載ソフト,05,カスタム開発,A
7C0107,7C,ライセンス（ソフトウェア）,01,製品搭載ソフト,07,ポーティング,A
7C0109,7C,ライセンス（ソフトウェア）,01,製品搭載ソフト,09,技術サポート/エンジニアリングサービス,A
7C0311,7C,ライセンス（ソフトウェア）,03,販売目的のクラウドサービス,11,クラウドサービス利用料,A
7C0501,7C,ライセンス（ソフトウェア）,05,製品開発／評価ツール（ソフト開発用）,01,ソフトウェア使用料,A
7C0503,7C,ライセンス（ソフトウェア）,05,製品開発／評価ツール（ソフト開発用）,03,ソフトウェア保守,A
7C0505,7C,ライセンス（ソフトウェア）,05,製品開発／評価ツール（ソフト開発用）,05,カスタム開発,A
7C0507,7C,ライセンス（ソフトウェア）,05,製品開発／評価ツール（ソフト開発用）,07,ポーティング,A
7C0509,7C,ライセンス（ソフトウェア）,05,製品開発／評価ツール（ソフト開発用）,09,技術サポート/エンジニアリングサービス,A
7C0701,7C,ライセンス（ソフトウェア）,07,製品開発／評価ツール（メカハード開発用）,01,ソフトウェア使用料,A
7C0703,7C,ライセンス（ソフトウェア）,07,製品開発／評価ツール（メカハード開発用）,03,ソフトウェア保守,A
7C0705,7C,ライセンス（ソフトウェア）,07,製品開発／評価ツール（メカハード開発用）,05,カスタム開発,A
7C0707,7C,ライセンス（ソフトウェア）,07,製品開発／評価ツール（メカハード開発用）,07,ポーティング,A
7C0709,7C,ライセンス（ソフトウェア）,07,製品開発／評価ツール（メカハード開発用）,09,技術サポート/エンジニアリングサービス,A
7C0901,7C,ライセンス（ソフトウェア）,09,オフィス業務ソフト,01,ソフトウェア使用料,A
7C0903,7C,ライセンス（ソフトウェア）,09,オフィス業務ソフト,03,ソフトウェア保守,A
7C0905,7C,ライセンス（ソフトウェア）,09,オフィス業務ソフト,05,カスタム開発,A
7C0907,7C,ライセンス（ソフトウェア）,09,オフィス業務ソフト,07,ポーティング,A
7C0909,7C,ライセンス（ソフトウェア）,09,オフィス業務ソフト,09,技術サポート/エンジニアリングサービス,A
7C1101,7C,ライセンス（ソフトウェア）,11,製造・生産管理業務ソフト(設備専用ソフト除く),01,ソフトウェア使用料,A
7C1103,7C,ライセンス（ソフトウェア）,11,製造・生産管理業務ソフト(設備専用ソフト除く),03,ソフトウェア保守,A
7C1105,7C,ライセンス（ソフトウェア）,11,製造・生産管理業務ソフト(設備専用ソフト除く),05,カスタム開発,A
7C1107,7C,ライセンス（ソフトウェア）,11,製造・生産管理業務ソフト(設備専用ソフト除く),07,ポーティング,A
7C1109,7C,ライセンス（ソフトウェア）,11,製造・生産管理業務ソフト(設備専用ソフト除く),09,技術サポート/エンジニアリングサービス,A
7C1311,7C,ライセンス（ソフトウェア）,13,自社利用のクラウドサービス,11,クラウドサービス利用料,A
9S0101,9S,用度品,01,事務用品,01,文具,A
9S0103,9S,用度品,01,事務用品,03,ＯＡ消耗品,A
9S0199,9S,用度品,01,事務用品,99,その他,A
9S0201,9S,用度品,02,日用品,01,生活用品,A
9S0202,9S,用度品,02,日用品,02,清掃用品,A
9S0203,9S,用度品,02,日用品,03,防災用品,A
9S0204,9S,用度品,02,日用品,04,実験用器具,A
9S0211,9S,用度品,02,日用品,11,食品,A
9S0221,9S,用度品,02,日用品,21,医薬品・医療用品,A
9S0299,9S,用度品,02,日用品,99,その他,A
9S0301,9S,用度品,03,一般家電,01,生活,A
9S0302,9S,用度品,03,一般家電,02,空調,A
9S0305,9S,用度品,03,一般家電,05,情報機器,A
9S0399,9S,用度品,03,一般家電,99,その他,A
9S0401,9S,用度品,04,オフィス設備,01,事務機器,A
9S0402,9S,用度品,04,オフィス設備,02,什器,A
9S0495,9S,用度品,04,オフィス設備,95,リース・レンタル,A
9S0501,9S,用度品,05,衣類,01,職服,A
9S0502,9S,用度品,05,衣類,02,保護具,A
9S0503,9S,用度品,05,衣類,03,帽子,A
9S0504,9S,用度品,05,衣類,04,靴,A
9S0599,9S,用度品,05,衣類,99,その他,A
9S2101,9S,用度品,21,サービス,01,調整・修理,A
9S2105,9S,用度品,21,サービス,05,回収作業,A
9S2107,9S,用度品,21,サービス,07,リサイクル作業,A
9S2111,9S,用度品,21,サービス,11,物流,A
9S2121,9S,用度品,21,サービス,21,コンサルティング,A
9S2195,9S,用度品,21,サービス,95,リース・レンタル,A
9S2199,9S,用度品,21,サービス,99,その他,A
9S4101,9S,用度品,41,贈呈品,01,菓子,A
9S4102,9S,用度品,41,贈呈品,02,デンソー製品,A
9S4103,9S,用度品,41,贈呈品,03,金券,A
9S4104,9S,用度品,41,贈呈品,04,オリジナル商品,A
9S9999,9S,用度品,99,その他,99,その他,A
W11111,W1,【製品用サンプル/試作品】電子部品,11,半導体,11,トランジスタ,A
W11113,W1,【製品用サンプル/試作品】電子部品,11,半導体,13,ダイオード,A
W11114,W1,【製品用サンプル/試作品】電子部品,11,半導体,14,オルタ用ダイオード,A
W11115,W1,【製品用サンプル/試作品】電子部品,11,半導体,15,IC/センサ,A
W11117,W1,【製品用サンプル/試作品】電子部品,11,半導体,17,IPD/ドライバ,A
W11119,W1,【製品用サンプル/試作品】電子部品,11,半導体,19,通信,A
W11121,W1,【製品用サンプル/試作品】電子部品,11,半導体,21,電源,A
W11123,W1,【製品用サンプル/試作品】電子部品,11,半導体,23,フォト,A
W11125,W1,【製品用サンプル/試作品】電子部品,11,半導体,25,MCU/SoC,A
W11126,W1,【製品用サンプル/試作品】電子部品,11,半導体,26,ファンドリ(GaN),A
W11127,W1,【製品用サンプル/試作品】電子部品,11,半導体,27,ファンドリ（シリコン）,A
W11128,W1,【製品用サンプル/試作品】電子部品,11,半導体,28,ファンドリ(SiC),A
W11129,W1,【製品用サンプル/試作品】電子部品,11,半導体,29,LED,A
W11131,W1,【製品用サンプル/試作品】電子部品,11,半導体,31,メモリー,A
W11133,W1,【製品用サンプル/試作品】電子部品,11,半導体,33,IGBT,A
W11135,W1,【製品用サンプル/試作品】電子部品,11,半導体,35,ウェハ加工,A
W11137,W1,【製品用サンプル/試作品】電子部品,11,半導体,37,FPGA,A
W11139,W1,【製品用サンプル/試作品】電子部品,11,半導体,39,マスクチャージ,A
W11141,W1,【製品用サンプル/試作品】電子部品,11,半導体,41,SiCチップ,A
W11142,W1,【製品用サンプル/試作品】電子部品,11,半導体,42,SiCモジュール,A
W11143,W1,【製品用サンプル/試作品】電子部品,11,半導体,43,GaNチップ,A
W11199,W1,【製品用サンプル/試作品】電子部品,11,半導体,99,その他,A
W11311,W1,【製品用サンプル/試作品】電子部品,13,電気部品,11,抵抗,A
W11313,W1,【製品用サンプル/試作品】電子部品,13,電気部品,13,サーミスタ,A
W11315,W1,【製品用サンプル/試作品】電子部品,13,電気部品,15,コンデンサ,A
W11317,W1,【製品用サンプル/試作品】電子部品,13,電気部品,17,平滑コンデンサ,A
W11319,W1,【製品用サンプル/試作品】電子部品,13,電気部品,19,発振デバイス,A
W11321,W1,【製品用サンプル/試作品】電子部品,13,電気部品,21,リレー,A
W11323,W1,【製品用サンプル/試作品】電子部品,13,電気部品,23,スイッチ,A
W11325,W1,【製品用サンプル/試作品】電子部品,13,電気部品,25,ヒューズ,A
W11327,W1,【製品用サンプル/試作品】電子部品,13,電気部品,27,バリスタ,A
W11329,W1,【製品用サンプル/試作品】電子部品,13,電気部品,29,圧電素子,A
W11331,W1,【製品用サンプル/試作品】電子部品,13,電気部品,31,インダクタ（コイル）,A
W11333,W1,【製品用サンプル/試作品】電子部品,13,電気部品,33,ブザー・スピーカ,A
W11335,W1,【製品用サンプル/試作品】電子部品,13,電気部品,35,電池モジュール,A
W11337,W1,【製品用サンプル/試作品】電子部品,13,電気部品,37,イグナイタ,A
W11339,W1,【製品用サンプル/試作品】電子部品,13,電気部品,39,電源モジュール,A
W11399,W1,【製品用サンプル/試作品】電子部品,13,電気部品,99,その他,A
W11511,W1,【製品用サンプル/試作品】電子部品,15,プリント基板,11,ガラスエポキシ基板,A
W11513,W1,【製品用サンプル/試作品】電子部品,15,プリント基板,13,ガラスコンポジットエポキシ基板,A
W11515,W1,【製品用サンプル/試作品】電子部品,15,プリント基板,15,アルミ基板,A
W11517,W1,【製品用サンプル/試作品】電子部品,15,プリント基板,17,セラミック基板,A
W11519,W1,【製品用サンプル/試作品】電子部品,15,プリント基板,19,フレキシブル基板,A
W11521,W1,【製品用サンプル/試作品】電子部品,15,プリント基板,21,紙フェノール基板,A
W11711,W1,【製品用サンプル/試作品】電子部品,17,コネクタ,11,車両コネクタ,A
W11713,W1,【製品用サンプル/試作品】電子部品,17,コネクタ,13,内部コネクタ,A
W11715,W1,【製品用サンプル/試作品】電子部品,17,コネクタ,15,バスバーモジュール/ジャンクションボックス,A
W11911,W1,【製品用サンプル/試作品】電子部品,19,表示デバイス,11,TFT,A
W11913,W1,【製品用サンプル/試作品】電子部品,19,表示デバイス,13,SEG LCD,A
W11915,W1,【製品用サンプル/試作品】電子部品,19,表示デバイス,15,DOT LCD,A
W11917,W1,【製品用サンプル/試作品】電子部品,19,表示デバイス,17,OLED,A
W11919,W1,【製品用サンプル/試作品】電子部品,19,表示デバイス,19,VFD,A
W11921,W1,【製品用サンプル/試作品】電子部品,19,表示デバイス,21,BACK LIGHT,A
W11923,W1,【製品用サンプル/試作品】電子部品,19,表示デバイス,23,TOUCH PANEL,A
W12111,W1,【製品用サンプル/試作品】電子部品,21,内製半導体用部品,11,LEAD-FRAME,A
W12113,W1,【製品用サンプル/試作品】電子部品,21,内製半導体用部品,13,HERMETIC SEAL,A
W12115,W1,【製品用サンプル/試作品】電子部品,21,内製半導体用部品,15,PKG OUT-SOURCING,A
W12311,W1,【製品用サンプル/試作品】電子部品,23,電子モジュール,11,電子センサー/サーミスタ,A
W12313,W1,【製品用サンプル/試作品】電子部品,23,電子モジュール,13,通信モジュール,A
W12315,W1,【製品用サンプル/試作品】電子部品,23,電子モジュール,15,アンテナ,A
W12317,W1,【製品用サンプル/試作品】電子部品,23,電子モジュール,17,EMS,A
W12319,W1,【製品用サンプル/試作品】電子部品,23,電子モジュール,19,チューナー,A
W12321,W1,【製品用サンプル/試作品】電子部品,23,電子モジュール,21,デッキ,A
W12323,W1,【製品用サンプル/試作品】電子部品,23,電子モジュール,23,走行安全カメラ・レンズ・レーザーモジュール・ソナー,A
W12325,W1,【製品用サンプル/試作品】電子部品,23,電子モジュール,25,記録モジュール,A
W12327,W1,【製品用サンプル/試作品】電子部品,23,電子モジュール,27,ハプテックデバイス,A
W12329,W1,【製品用サンプル/試作品】電子部品,23,電子モジュール,29,ナビ用冷却ファン,A
W12331,W1,【製品用サンプル/試作品】電子部品,23,電子モジュール,31,非自動車製品用電子モジュール,A
W19101,W1,【製品用サンプル/試作品】電子部品,91,特別輸送費,01,特別輸送費,A
W31111,W3,【製品用サンプル/試作品】加工,11,樹脂成形,11,大物,A
W31113,W3,【製品用サンプル/試作品】加工,11,樹脂成形,13,小物/中物,A
W31115,W3,【製品用サンプル/試作品】加工,11,樹脂成形,15,インサート,A
W31117,W3,【製品用サンプル/試作品】加工,11,樹脂成形,17,熱硬化,A
W31119,W3,【製品用サンプル/試作品】加工,11,樹脂成形,19,ブロー成形/押し出し成型,A
W31121,W3,【製品用サンプル/試作品】加工,11,樹脂成形,21,加飾部品,A
W31323,W3,【製品用サンプル/試作品】加工,13,ゴム成形,23,一般,A
W31325,W3,【製品用サンプル/試作品】加工,13,ゴム成形,25,ホース,A
W31327,W3,【製品用サンプル/試作品】加工,13,ゴム成形,27,精密ゴム,A
W31329,W3,【製品用サンプル/試作品】加工,13,ゴム成形,29,特殊,A
W31531,W3,【製品用サンプル/試作品】加工,15,非金属プレス,31,非金属プレス,A
W31733,W3,【製品用サンプル/試作品】加工,17,プレス,33,深絞り,A
W31735,W3,【製品用サンプル/試作品】加工,17,プレス,35,中物絞り,A
W31737,W3,【製品用サンプル/試作品】加工,17,プレス,37,板鍛造,A
W31739,W3,【製品用サンプル/試作品】加工,17,プレス,39,スプリング,A
W31741,W3,【製品用サンプル/試作品】加工,17,プレス,41,積層,A
W31743,W3,【製品用サンプル/試作品】加工,17,プレス,43,ターミナル,A
W31745,W3,【製品用サンプル/試作品】加工,17,プレス,45,一般,A
W31747,W3,【製品用サンプル/試作品】加工,17,プレス,47,特殊,A
W32149,W3,【製品用サンプル/試作品】加工,21,ダイカスト,49,一般品,A
W32151,W3,【製品用サンプル/試作品】加工,21,ダイカスト,51,耐圧品,A
W32153,W3,【製品用サンプル/試作品】加工,21,ダイカスト,53,薄肉品,A
W32155,W3,【製品用サンプル/試作品】加工,21,ダイカスト,55,大型構造,A
W32357,W3,【製品用サンプル/試作品】加工,23,焼結,57,重切削,A
W32359,W3,【製品用サンプル/試作品】加工,23,焼結,59,磁性材,A
W32361,W3,【製品用サンプル/試作品】加工,23,焼結,61,一般焼結,A
W32363,W3,【製品用サンプル/試作品】加工,23,焼結,63,軸受,A
W32565,W3,【製品用サンプル/試作品】加工,25,切削,65,1W切削,A
W32567,W3,【製品用サンプル/試作品】加工,25,切削,67,バー材切削,A
W32769,W3,【製品用サンプル/試作品】加工,27,鍛造,69,熱/温鍛,A
W32771,W3,【製品用サンプル/試作品】加工,27,鍛造,71,冷鍛,A
W32773,W3,【製品用サンプル/試作品】加工,27,鍛造,73,螺子,A
W32901,W3,【製品用サンプル/試作品】加工,29,処理,01,熱処理,A
W32903,W3,【製品用サンプル/試作品】加工,29,処理,03,表面処理,A
W32905,W3,【製品用サンプル/試作品】加工,29,処理,05,塗装,A
W39101,W3,【製品用サンプル/試作品】加工,91,特別輸送費,01,特別輸送費,A
W51111,W5,【製品用サンプル/試作品】組付・専門,11,接点,11,プラグチップ,A
W51199,W5,【製品用サンプル/試作品】組付・専門,11,接点,99,その他,A
W51311,W5,【製品用サンプル/試作品】組付・専門,13,磁石,11,焼結,A
W51313,W5,【製品用サンプル/試作品】組付・専門,13,磁石,13,ボンド,A
W51399,W5,【製品用サンプル/試作品】組付・専門,13,磁石,99,その他,A
W51511,W5,【製品用サンプル/試作品】組付・専門,15,ブラシ,11,銅,A
W51513,W5,【製品用サンプル/試作品】組付・専門,15,ブラシ,13,カーボン,A
W51711,W5,【製品用サンプル/試作品】組付・専門,17,コンミテータ,11,銅,A
W51713,W5,【製品用サンプル/試作品】組付・専門,17,コンミテータ,13,カーボン,A
W51911,W5,【製品用サンプル/試作品】組付・専門,19,ガラス,11,ハーメチック,A
W51913,W5,【製品用サンプル/試作品】組付・専門,19,ガラス,13,サイトグラス,A
W51915,W5,【製品用サンプル/試作品】組付・専門,19,ガラス,15,リングガラス,A
W51917,W5,【製品用サンプル/試作品】組付・専門,19,ガラス,17,タブレット,A
W52111,W5,【製品用サンプル/試作品】組付・専門,21,鏡,11,平面鏡,A
W52113,W5,【製品用サンプル/試作品】組付・専門,21,鏡,13,凹面鏡,A
W52311,W5,【製品用サンプル/試作品】組付・専門,23,梱包・包装材,11,ダンボール,A
W52313,W5,【製品用サンプル/試作品】組付・専門,23,梱包・包装材,13,スチロール,A
W52315,W5,【製品用サンプル/試作品】組付・専門,23,梱包・包装材,15,ポリ袋,A
W52317,W5,【製品用サンプル/試作品】組付・専門,23,梱包・包装材,17,化粧箱,A
W52319,W5,【製品用サンプル/試作品】組付・専門,23,梱包・包装材,19,PPトレー,A
W52321,W5,【製品用サンプル/試作品】組付・専門,23,梱包・包装材,21,プラスチック箱,A
W52323,W5,【製品用サンプル/試作品】組付・専門,23,梱包・包装材,23,木パレット,A
W52325,W5,【製品用サンプル/試作品】組付・専門,23,梱包・包装材,25,木箱,A
W52327,W5,【製品用サンプル/試作品】組付・専門,23,梱包・包装材,27,鉄ラック,A
W52399,W5,【製品用サンプル/試作品】組付・専門,23,梱包・包装材,99,その他,A
W52511,W5,【製品用サンプル/試作品】組付・専門,25,バルブ,11,エキパン,A
W52513,W5,【製品用サンプル/試作品】組付・専門,25,バルブ,13,電磁弁,A
W52515,W5,【製品用サンプル/試作品】組付・専門,25,バルブ,15,ウォーターバルブ,A
W52517,W5,【製品用サンプル/試作品】組付・専門,25,バルブ,17,ワックスサーモバルブ,A
W52599,W5,【製品用サンプル/試作品】組付・専門,25,バルブ,99,その他,A
W52711,W5,【製品用サンプル/試作品】組付・専門,27,配管,11,アルミ配管,A
W52713,W5,【製品用サンプル/試作品】組付・専門,27,配管,13,SUS配管,A
W52715,W5,【製品用サンプル/試作品】組付・専門,27,配管,15,鉄配管,A
W52717,W5,【製品用サンプル/試作品】組付・専門,27,配管,17,銅配管,A
W52799,W5,【製品用サンプル/試作品】組付・専門,27,配管,99,その他（真鍮など）,A
W52911,W5,【製品用サンプル/試作品】組付・専門,29,A/CホースASSY,11,ホースASSY（アルミ金具）,A
W52913,W5,【製品用サンプル/試作品】組付・専門,29,A/CホースASSY,13,ホースASSY（鉄金具）,A
W52999,W5,【製品用サンプル/試作品】組付・専門,29,A/CホースASSY,99,その他,A
W53111,W5,【製品用サンプル/試作品】組付・専門,31,コンプレッサ,11,自動車用,A
W53113,W5,【製品用サンプル/試作品】組付・専門,31,コンプレッサ,13,CO2給湯器,A
W53115,W5,【製品用サンプル/試作品】組付・専門,31,コンプレッサ,15,非自動車（全館空調、インスパック、等）,A
W53311,W5,【製品用サンプル/試作品】組付・専門,33,A/C用補助ヒータ,11,PTCヒータ,A
W53313,W5,【製品用サンプル/試作品】組付・専門,33,A/C用補助ヒータ,13,燃焼式ヒータ,A
W53315,W5,【製品用サンプル/試作品】組付・専門,33,A/C用補助ヒータ,15,水加熱ヒータ,A
W53511,W5,【製品用サンプル/試作品】組付・専門,35,濾紙,11,キャビンエアフィルタ,A
W53513,W5,【製品用サンプル/試作品】組付・専門,35,濾紙,13,燃料フィルタ,A
W53515,W5,【製品用サンプル/試作品】組付・専門,35,濾紙,15,オイルフィルタ,A
W53711,W5,【製品用サンプル/試作品】組付・専門,37,HVAC,11,自動車,A
W53713,W5,【製品用サンプル/試作品】組付・専門,37,HVAC,13,トラック,A
W53715,W5,【製品用サンプル/試作品】組付・専門,37,HVAC,15,バス,A
W53717,W5,【製品用サンプル/試作品】組付・専門,37,HVAC,17,農建機,A
W53911,W5,【製品用サンプル/試作品】組付・専門,39,熱交換器,11,アルミ,A
W53913,W5,【製品用サンプル/試作品】組付・専門,39,熱交換器,13,銅,A
W53915,W5,【製品用サンプル/試作品】組付・専門,39,熱交換器,15,ステンレス,A
W54111,W5,【製品用サンプル/試作品】組付・専門,41,ネームプレート,11,PET,A
W54113,W5,【製品用サンプル/試作品】組付・専門,41,ネームプレート,13,ユポ,A
W54115,W5,【製品用サンプル/試作品】組付・専門,41,ネームプレート,15,アート紙,A
W54117,W5,【製品用サンプル/試作品】組付・専門,41,ネームプレート,17,アルミ,A
W54119,W5,【製品用サンプル/試作品】組付・専門,41,ネームプレート,19,亜銀,A
W54121,W5,【製品用サンプル/試作品】組付・専門,41,ネームプレート,21,銅,A
W54199,W5,【製品用サンプル/試作品】組付・専門,41,ネームプレート,99,その他,A
W54311,W5,【製品用サンプル/試作品】組付・専門,43,ベアリング,11,玉軸受,A
W54313,W5,【製品用サンプル/試作品】組付・専門,43,ベアリング,13,針状ころ軸受,A
W54315,W5,【製品用サンプル/試作品】組付・専門,43,ベアリング,15,円筒ころ軸受,A
W54317,W5,【製品用サンプル/試作品】組付・専門,43,ベアリング,17,円すいころ軸受,A
W54319,W5,【製品用サンプル/試作品】組付・専門,43,ベアリング,19,スラスト玉軸受,A
W54321,W5,【製品用サンプル/試作品】組付・専門,43,ベアリング,21,スラスト針状ころ軸受,A
W54323,W5,【製品用サンプル/試作品】組付・専門,43,ベアリング,23,スラスト円筒ころ軸受,A
W54325,W5,【製品用サンプル/試作品】組付・専門,43,ベアリング,25,スラスト円すいころ軸受,A
W54327,W5,【製品用サンプル/試作品】組付・専門,43,ベアリング,27,すべり軸受け,A
W54329,W5,【製品用サンプル/試作品】組付・専門,43,ベアリング,29,クラッチプーリ,A
W54399,W5,【製品用サンプル/試作品】組付・専門,43,ベアリング,99,その他,A
W54511,W5,【製品用サンプル/試作品】組付・専門,45,センサ組付,11,コモンレール圧,A
W54513,W5,【製品用サンプル/試作品】組付・専門,45,センサ組付,13,ガソリン直噴圧,A
W54515,W5,【製品用サンプル/試作品】組付・専門,45,センサ組付,15,吸気圧,A
W54517,W5,【製品用サンプル/試作品】組付・専門,45,センサ組付,17,レイン,A
W54519,W5,【製品用サンプル/試作品】組付・専門,45,センサ組付,19,外気温,A
W54521,W5,【製品用サンプル/試作品】組付・専門,45,センサ組付,21,内気温,A
W54523,W5,【製品用サンプル/試作品】組付・専門,45,センサ組付,23,水温,A
W54525,W5,【製品用サンプル/試作品】組付・専門,45,センサ組付,25,油温,A
W54527,W5,【製品用サンプル/試作品】組付・専門,45,センサ組付,27,湿度,A
W54529,W5,【製品用サンプル/試作品】組付・専門,45,センサ組付,29,電流,A
W54531,W5,【製品用サンプル/試作品】組付・専門,45,センサ組付,31,フューエルセンサ,A
W54533,W5,【製品用サンプル/試作品】組付・専門,45,センサ組付,33,レゾルバ,A
W54535,W5,【製品用サンプル/試作品】組付・専門,45,センサ組付,35,日射,A
W54537,W5,【製品用サンプル/試作品】組付・専門,45,センサ組付,37,レインライト,A
W54539,W5,【製品用サンプル/試作品】組付・専門,45,センサ組付,39,MELS,A
W54599,W5,【製品用サンプル/試作品】組付・専門,45,センサ組付,99,その他,A
W54711,W5,【製品用サンプル/試作品】組付・専門,47,スイッチ組付,11,A/C冷媒圧,A
W54713,W5,【製品用サンプル/試作品】組付・専門,47,スイッチ組付,13,オイルプレッシャー,A
W54715,W5,【製品用サンプル/試作品】組付・専門,47,スイッチ組付,15,FZモジュール油圧,A
W54717,W5,【製品用サンプル/試作品】組付・専門,47,スイッチ組付,17,エンジンオイルレベル,A
W54719,W5,【製品用サンプル/試作品】組付・専門,47,スイッチ組付,19,ウォーターレベル,A
W54799,W5,【製品用サンプル/試作品】組付・専門,47,スイッチ組付,99,その他,A
W54911,W5,【製品用サンプル/試作品】組付・専門,49,ワイヤハーネス,11,BUSハーネス ローカル型,A
W54913,W5,【製品用サンプル/試作品】組付・専門,49,ワイヤハーネス,13,BUSハーネス LIN型,A
W54915,W5,【製品用サンプル/試作品】組付・専門,49,ワイヤハーネス,15,排気センサハーネス,A
W54917,W5,【製品用サンプル/試作品】組付・専門,49,ワイヤハーネス,17,FFC(フレキシブルフラットケーブル),A
W54919,W5,【製品用サンプル/試作品】組付・専門,49,ワイヤハーネス,19,排気温センサハーネス,A
W54999,W5,【製品用サンプル/試作品】組付・専門,49,ワイヤハーネス,99,その他一般ハーネス,A
W55111,W5,【製品用サンプル/試作品】組付・専門,51,コイル,11,単品コイル（2次成形無）,A
W55113,W5,【製品用サンプル/試作品】組付・専門,51,コイル,13,コイルAssy（2次成形有）,A
W55311,W5,【製品用サンプル/試作品】組付・専門,53,基板実装,11,A/Cパネル,A
W55313,W5,【製品用サンプル/試作品】組付・専門,53,基板実装,13,メータ,A
W55315,W5,【製品用サンプル/試作品】組付・専門,53,基板実装,15,ボデーECU,A
W55399,W5,【製品用サンプル/試作品】組付・専門,53,基板実装,99,その他,A
W55511,W5,【製品用サンプル/試作品】組付・専門,55,セラミック,11,ヒータ,A
W55513,W5,【製品用サンプル/試作品】組付・専門,55,セラミック,13,インシュレータ,A
W55515,W5,【製品用サンプル/試作品】組付・専門,55,セラミック,15,ヒートシンク,A
W55517,W5,【製品用サンプル/試作品】組付・専門,55,セラミック,17,パイプ,A
W55519,W5,【製品用サンプル/試作品】組付・専門,55,セラミック,19,フェライトコア,A
W55599,W5,【製品用サンプル/試作品】組付・専門,55,セラミック,99,その他,A
W55711,W5,【製品用サンプル/試作品】組付・専門,57,モータ,11,HVACブロワ,A
W55713,W5,【製品用サンプル/試作品】組付・専門,57,モータ,13,HVACアクチュエータ,A
W55715,W5,【製品用サンプル/試作品】組付・専門,57,モータ,15,エンジン冷却ファン,A
W55717,W5,【製品用サンプル/試作品】組付・専門,57,モータ,17,ウォーターポンプ,A
W55719,W5,【製品用サンプル/試作品】組付・専門,57,モータ,19,バッテリ冷却ファン,A
W55721,W5,【製品用サンプル/試作品】組付・専門,57,モータ,21,シート空調ファン,A
W55723,W5,【製品用サンプル/試作品】組付・専門,57,モータ,23,電動スロットルコントロール,A
W55725,W5,【製品用サンプル/試作品】組付・専門,57,モータ,25,EVCT用,A
W55727,W5,【製品用サンプル/試作品】組付・専門,57,モータ,27,VIC用,A
W55729,W5,【製品用サンプル/試作品】組付・専門,57,モータ,29,ELCM用,A
W55731,W5,【製品用サンプル/試作品】組付・専門,57,モータ,31,ABS用,A
W55733,W5,【製品用サンプル/試作品】組付・専門,57,モータ,33,CO2給湯器ファン,A
W55735,W5,【製品用サンプル/試作品】組付・専門,57,モータ,35,ヘッドアップディスプレイ用,A
W55737,W5,【製品用サンプル/試作品】組付・専門,57,モータ,37,メータ用,A
W55799,W5,【製品用サンプル/試作品】組付・専門,57,モータ,99,その他,A
W55911,W5,【製品用サンプル/試作品】組付・専門,59,ブロワコントローラ,11,ブロワレジスタ,A
W55913,W5,【製品用サンプル/試作品】組付・専門,59,ブロワコントローラ,13,パワトラ,A
W55915,W5,【製品用サンプル/試作品】組付・専門,59,ブロワコントローラ,15,リニアパルスコントローラ,A
W55917,W5,【製品用サンプル/試作品】組付・専門,59,ブロワコントローラ,17,PWMコントローラ,A
W56111,W5,【製品用サンプル/試作品】組付・専門,61,印刷,11,取扱い説明書類,A
W56199,W5,【製品用サンプル/試作品】組付・専門,61,印刷,99,その他,A
W56311,W5,【製品用サンプル/試作品】組付・専門,63,その他機能部品,11,摩擦材,A
W56313,W5,【製品用サンプル/試作品】組付・専門,63,その他機能部品,13,リングシール,A
W56315,W5,【製品用サンプル/試作品】組付・専門,63,その他機能部品,15,エアコンガス,A
W56317,W5,【製品用サンプル/試作品】組付・専門,63,その他機能部品,17,コンプレッサ オイル,A
W56319,W5,【製品用サンプル/試作品】組付・専門,63,その他機能部品,19,LLC,A
W56321,W5,【製品用サンプル/試作品】組付・専門,63,その他機能部品,21,クレベリン,A
W56323,W5,【製品用サンプル/試作品】組付・専門,63,その他機能部品,23,乾燥剤,A
W56325,W5,【製品用サンプル/試作品】組付・専門,63,その他機能部品,25,パルセーションダンパ,A
W56327,W5,【製品用サンプル/試作品】組付・専門,63,その他機能部品,27,シースピン,A
W56329,W5,【製品用サンプル/試作品】組付・専門,63,その他機能部品,29,APM,A
W56331,W5,【製品用サンプル/試作品】組付・専門,63,その他機能部品,31,インマニモジュール,A
W56333,W5,【製品用サンプル/試作品】組付・専門,63,その他機能部品,33,ヒーターコントロールケーブル,A
W56335,W5,【製品用サンプル/試作品】組付・専門,63,その他機能部品,35,リアクトル,A
W56337,W5,【製品用サンプル/試作品】組付・専門,63,その他機能部品,37,CO2給湯器ポンプ,A
W56339,W5,【製品用サンプル/試作品】組付・専門,63,その他機能部品,39,放電抵抗（EHV向け）,A
W56341,W5,【製品用サンプル/試作品】組付・専門,63,その他機能部品,41,F/P用レジスタ,A
W56343,W5,【製品用サンプル/試作品】組付・専門,63,その他機能部品,43,銅二重管オイルクーラ,A
W56345,W5,【製品用サンプル/試作品】組付・専門,63,その他機能部品,45,アンテナ,A
W56347,W5,【製品用サンプル/試作品】組付・専門,63,その他機能部品,47,カーテン,A
W56349,W5,【製品用サンプル/試作品】組付・専門,63,その他機能部品,49,制御機器,A
W56351,W5,【製品用サンプル/試作品】組付・専門,63,その他機能部品,51,通信機器,A
W56353,W5,【製品用サンプル/試作品】組付・専門,63,その他機能部品,53,直動部品,A
W56355,W5,【製品用サンプル/試作品】組付・専門,63,その他機能部品,55,回転部品,A
W56357,W5,【製品用サンプル/試作品】組付・専門,63,その他機能部品,57,伝動部品,A
W56359,W5,【製品用サンプル/試作品】組付・専門,63,その他機能部品,59,モーター減速機,A
W56361,W5,【製品用サンプル/試作品】組付・専門,63,その他機能部品,61,ピン・小物部品,A
W56363,W5,【製品用サンプル/試作品】組付・専門,63,その他機能部品,63,ティーチングペンダント,A
W56365,W5,【製品用サンプル/試作品】組付・専門,63,その他機能部品,65,ソフトウェア/ライセンス,A
W56367,W5,【製品用サンプル/試作品】組付・専門,63,その他機能部品,67,メンブレンスイッチ,A
W56397,W5,【製品用サンプル/試作品】組付・専門,63,その他機能部品,97,その他モジュール,A
W56399,W5,【製品用サンプル/試作品】組付・専門,63,その他機能部品,99,その他,A
W56501,W5,【製品用サンプル/試作品】組付・専門,65,ワイパシステム,01,アーム＆ブレード,A
W56503,W5,【製品用サンプル/試作品】組付・専門,65,ワイパシステム,03,モータ＆リンク,A
W56701,W5,【製品用サンプル/試作品】組付・専門,67,ウォッシャシステム,01,ホースASSY,A
W56799,W5,【製品用サンプル/試作品】組付・専門,67,ウォッシャシステム,99,その他,A
W56901,W5,【製品用サンプル/試作品】組付・専門,69,レンズ,01,樹脂レンズ,A
W56903,W5,【製品用サンプル/試作品】組付・専門,69,レンズ,03,硝子レンズ,A
W59101,W5,【製品用サンプル/試作品】組付・専門,91,特別輸送費,01,特別輸送費,A
W71111,W7,【製品用サンプル/試作品/副資材】材料,11,鋼板,11,冷延鋼板,A
W71113,W7,【製品用サンプル/試作品/副資材】材料,11,鋼板,13,熱延鋼板,A
W71115,W7,【製品用サンプル/試作品/副資材】材料,11,鋼板,15,表面処理鋼板,A
W71117,W7,【製品用サンプル/試作品/副資材】材料,11,鋼板,17,ステンレス鋼板,A
W71119,W7,【製品用サンプル/試作品/副資材】材料,11,鋼板,19,電磁鋼板,A
W71199,W7,【製品用サンプル/試作品/副資材】材料,11,鋼板,99,その他,A
W71311,W7,【製品用サンプル/試作品/副資材】材料,13,棒条鋼,11,普通鋼,A
W71313,W7,【製品用サンプル/試作品/副資材】材料,13,棒条鋼,13,炭素鋼,A
W71315,W7,【製品用サンプル/試作品/副資材】材料,13,棒条鋼,15,合金鋼,A
W71319,W7,【製品用サンプル/試作品/副資材】材料,13,棒条鋼,19,ステンレス,A
W71320,W7,【製品用サンプル/試作品/副資材】材料,13,棒条鋼,20,電磁ｽﾃﾝﾚｽ,A
W71321,W7,【製品用サンプル/試作品/副資材】材料,13,棒条鋼,21,高合金鋼（工具・型）,A
W71511,W7,【製品用サンプル/試作品/副資材】材料,15,鋼管,11,炭素鋼鋼管,A
W71513,W7,【製品用サンプル/試作品/副資材】材料,15,鋼管,13,ｽﾃﾝﾚｽ鋼管,A
W71711,W7,【製品用サンプル/試作品/副資材】材料,17,鉄鋼二次製品,11,鉄粉,A
W71713,W7,【製品用サンプル/試作品/副資材】材料,17,鉄鋼二次製品,13,金網,A
W71715,W7,【製品用サンプル/試作品/副資材】材料,17,鉄鋼二次製品,15,線材,A
W71799,W7,【製品用サンプル/試作品/副資材】材料,17,鉄鋼二次製品,99,その他,A
W71911,W7,【製品用サンプル/試作品/副資材】材料,19,アルミ軽圧品 板,11,ベア,A
W71913,W7,【製品用サンプル/試作品/副資材】材料,19,アルミ軽圧品 板,13,クラッド2層,A
W71915,W7,【製品用サンプル/試作品/副資材】材料,19,アルミ軽圧品 板,15,クラッド3層,A
W71917,W7,【製品用サンプル/試作品/副資材】材料,19,アルミ軽圧品 板,17,クラッド4層,A
W72111,W7,【製品用サンプル/試作品/副資材】材料,21,アルミ軽圧品 押出,11,ベア,A
W72113,W7,【製品用サンプル/試作品/副資材】材料,21,アルミ軽圧品 押出,13,クラッド2層,A
W72115,W7,【製品用サンプル/試作品/副資材】材料,21,アルミ軽圧品 押出,15,クラッド3層,A
W72117,W7,【製品用サンプル/試作品/副資材】材料,21,アルミ軽圧品 押出,17,クラッド4層,A
W72311,W7,【製品用サンプル/試作品/副資材】材料,23,伸銅品,11,タフピッチ銅,A
W72313,W7,【製品用サンプル/試作品/副資材】材料,23,伸銅品,13,無酸素銅,A
W72315,W7,【製品用サンプル/試作品/副資材】材料,23,伸銅品,15,リン脱酸銅,A
W72317,W7,【製品用サンプル/試作品/副資材】材料,23,伸銅品,17,黄銅,A
W72319,W7,【製品用サンプル/試作品/副資材】材料,23,伸銅品,19,丹銅,A
W72321,W7,【製品用サンプル/試作品/副資材】材料,23,伸銅品,21,ベリリウム銅,A
W72323,W7,【製品用サンプル/試作品/副資材】材料,23,伸銅品,23,メーカ合金,A
W72325,W7,【製品用サンプル/試作品/副資材】材料,23,伸銅品,25,リン青銅,A
W72511,W7,【製品用サンプル/試作品/副資材】材料,25,巻線,11,ｴﾅﾒﾙ焼付丸銅線,A
W72513,W7,【製品用サンプル/試作品/副資材】材料,25,巻線,13,裸丸銅線,A
W72515,W7,【製品用サンプル/試作品/副資材】材料,25,巻線,15,平角銅線,A
W72517,W7,【製品用サンプル/試作品/副資材】材料,25,巻線,17,裸平角銅線,A
W72519,W7,【製品用サンプル/試作品/副資材】材料,25,巻線,19,分割銅線,A
W72521,W7,【製品用サンプル/試作品/副資材】材料,25,巻線,21,被覆電線,A
W72523,W7,【製品用サンプル/試作品/副資材】材料,25,巻線,23,裸電線,A
W72525,W7,【製品用サンプル/試作品/副資材】材料,25,巻線,25,アルミ線,A
W72599,W7,【製品用サンプル/試作品/副資材】材料,25,巻線,99,その他,A
W72711,W7,【製品用サンプル/試作品/副資材】材料,27,電線,11,自動車用高圧電線,A
W72713,W7,【製品用サンプル/試作品/副資材】材料,27,電線,13,自動車用ﾋﾞﾆｰﾙ絶縁低圧電線,A
W72715,W7,【製品用サンプル/試作品/副資材】材料,27,電線,15,自動車用耐熱低圧電線,A
W72717,W7,【製品用サンプル/試作品/副資材】材料,27,電線,17,溶接用ｹｰﾌﾞﾙ,A
W72719,W7,【製品用サンプル/試作品/副資材】材料,27,電線,19,ｴﾁﾚﾝ､ﾌﾟﾛﾋﾟﾚﾝ絶縁特殊編組線,A
W72721,W7,【製品用サンプル/試作品/副資材】材料,27,電線,21,PFAｺﾈｸｼｮﾝﾊﾞｰ,A
W72723,W7,【製品用サンプル/試作品/副資材】材料,27,電線,23,排気ｾﾝｻ用ﾘｰﾄﾞ･ﾜｲﾔ,A
W72725,W7,【製品用サンプル/試作品/副資材】材料,27,電線,25,ﾆｯｹﾙｸﾛﾑ線,A
W72727,W7,【製品用サンプル/試作品/副資材】材料,27,電線,27,銅ﾆｯｹﾙ抵抗線、帯、板,A
W72729,W7,【製品用サンプル/試作品/副資材】材料,27,電線,29,ﾋｰﾄﾜｲﾔ,A
W72731,W7,【製品用サンプル/試作品/副資材】材料,27,電線,31,半田ﾒｯｷ付無酸素軟銅ﾘﾎﾞﾝ線,A
W72733,W7,【製品用サンプル/試作品/副資材】材料,27,電線,33,600V２種天然ｺﾞﾑｸﾛﾛﾌﾟﾚﾝｷｬﾌﾞﾀｲﾔｹｰﾌﾞﾙ,A
W72735,W7,【製品用サンプル/試作品/副資材】材料,27,電線,35,はんだめっき付電気軟銅線,A
W72737,W7,【製品用サンプル/試作品/副資材】材料,27,電線,37,ﾋﾞﾆﾙ電線,A
W72739,W7,【製品用サンプル/試作品/副資材】材料,27,電線,39,ｼﾘｺﾝ電線,A
W72741,W7,【製品用サンプル/試作品/副資材】材料,27,電線,41,耐熱難然PBT融着ｼｰｽ電線,A
W72799,W7,【製品用サンプル/試作品/副資材】材料,27,電線,99,その他,A
W72911,W7,【製品用サンプル/試作品/副資材】材料,29,汎用樹脂,11,ＰＰ（ポリプロピレン）,A
W72913,W7,【製品用サンプル/試作品/副資材】材料,29,汎用樹脂,13,ＰＭＭＡ（アクリル）,A
W72915,W7,【製品用サンプル/試作品/副資材】材料,29,汎用樹脂,15,ＡＢＳ,A
W72917,W7,【製品用サンプル/試作品/副資材】材料,29,汎用樹脂,17,ＰＥ（ポリエチレン）,A
W72919,W7,【製品用サンプル/試作品/副資材】材料,29,汎用樹脂,19,フェノール,A
W72921,W7,【製品用サンプル/試作品/副資材】材料,29,汎用樹脂,21,エポキシ,A
W72923,W7,【製品用サンプル/試作品/副資材】材料,29,汎用樹脂,23,ウレタン,A
W72925,W7,【製品用サンプル/試作品/副資材】材料,29,汎用樹脂,25,ポリエステル,A
W72926,W7,【製品用サンプル/試作品/副資材】材料,29,汎用樹脂,26,エラストマ,A
W72927,W7,【製品用サンプル/試作品/副資材】材料,29,汎用樹脂,27,マスターバッチ,A
W72999,W7,【製品用サンプル/試作品/副資材】材料,29,汎用樹脂,99,その他,A
W73111,W7,【製品用サンプル/試作品/副資材】材料,31,エンプラ,11,ＰＡ６６,A
W73113,W7,【製品用サンプル/試作品/副資材】材料,31,エンプラ,13,ＰＡ６１０,A
W73115,W7,【製品用サンプル/試作品/副資材】材料,31,エンプラ,15,ＰＡ６１２,A
W73117,W7,【製品用サンプル/試作品/副資材】材料,31,エンプラ,17,ＰＡ６,A
W73118,W7,【製品用サンプル/試作品/副資材】材料,31,エンプラ,18,ＰＡ４６,A
W73119,W7,【製品用サンプル/試作品/副資材】材料,31,エンプラ,19,ＰＡ６６+ＰＡ６,A
W73120,W7,【製品用サンプル/試作品/副資材】材料,31,エンプラ,20,ＰＡ６６+ＰＡ６１２,A
W73121,W7,【製品用サンプル/試作品/副資材】材料,31,エンプラ,21,ＰＰＡ,A
W73123,W7,【製品用サンプル/試作品/副資材】材料,31,エンプラ,23,ＰＢＴ,A
W73125,W7,【製品用サンプル/試作品/副資材】材料,31,エンプラ,25,ＰＯＭ,A
W73127,W7,【製品用サンプル/試作品/副資材】材料,31,エンプラ,27,ＰＰＳ,A
W73129,W7,【製品用サンプル/試作品/副資材】材料,31,エンプラ,29,ｍ-ＰＰＥ（ＰＰＯ）,A
W73130,W7,【製品用サンプル/試作品/副資材】材料,31,エンプラ,30,ＰＣ ＡＢＳ,A
W73131,W7,【製品用サンプル/試作品/副資材】材料,31,エンプラ,31,ＰＣ,A
W73133,W7,【製品用サンプル/試作品/副資材】材料,31,エンプラ,33,ＰＥＴ,A
W73135,W7,【製品用サンプル/試作品/副資材】材料,31,エンプラ,35,エンプラ（アロイ）,A
W73137,W7,【製品用サンプル/試作品/副資材】材料,31,エンプラ,37,ＰＥＥＫ,A
W73139,W7,【製品用サンプル/試作品/副資材】材料,31,エンプラ,39,ＬＣＰ,A
W73199,W7,【製品用サンプル/試作品/副資材】材料,31,エンプラ,99,その他,A
W73311,W7,【製品用サンプル/試作品/副資材】材料,33,副資材,11,燃料,A
W73312,W7,【製品用サンプル/試作品/副資材】材料,33,副資材,12,軽油,A
W73313,W7,【製品用サンプル/試作品/副資材】材料,33,副資材,13,油脂,A
W73511,W7,【製品用サンプル/試作品/副資材】材料,35,接着封止材,11,エポキシ系,A
W73513,W7,【製品用サンプル/試作品/副資材】材料,35,接着封止材,13,シリコーン系,A
W73517,W7,【製品用サンプル/試作品/副資材】材料,35,接着封止材,17,ウレタン系,A
W73521,W7,【製品用サンプル/試作品/副資材】材料,35,接着封止材,21,フッ素系,A
W73522,W7,【製品用サンプル/試作品/副資材】材料,35,接着封止材,22,Aｇペ－スト,A
W73525,W7,【製品用サンプル/試作品/副資材】材料,35,接着封止材,25,"ペースト, めっき液（半田ペーストを除く）",A
W73599,W7,【製品用サンプル/試作品/副資材】材料,35,接着封止材,99,その他,A
W73711,W7,【製品用サンプル/試作品/副資材】材料,37,電気・電子材料,11,絶縁紙,A
W73713,W7,【製品用サンプル/試作品/副資材】材料,37,電気・電子材料,13,テープ,A
W73799,W7,【製品用サンプル/試作品/副資材】材料,37,電気・電子材料,99,その他,A
W73911,W7,【製品用サンプル/試作品/副資材】材料,39,機能材,11,発泡材料,A
W73913,W7,【製品用サンプル/試作品/副資材】材料,39,機能材,13,樹脂フィルム,A
W73915,W7,【製品用サンプル/試作品/副資材】材料,39,機能材,15,樹脂シート,A
W73917,W7,【製品用サンプル/試作品/副資材】材料,39,機能材,17,樹脂チューブ,A
W73919,W7,【製品用サンプル/試作品/副資材】材料,39,機能材,19,ゴム,A
W73921,W7,【製品用サンプル/試作品/副資材】材料,39,機能材,21,乾燥材,A
W73923,W7,【製品用サンプル/試作品/副資材】材料,39,機能材,23,硝子,A
W73999,W7,【製品用サンプル/試作品/副資材】材料,39,機能材,99,その他,A
W74123,W7,【製品用サンプル/試作品/副資材】材料,41,セラミック材・活性炭,23,酸化チタン,A
W74125,W7,【製品用サンプル/試作品/副資材】材料,41,セラミック材・活性炭,25,酸化金属,A
W74127,W7,【製品用サンプル/試作品/副資材】材料,41,セラミック材・活性炭,27,モリブデン,A
W74129,W7,【製品用サンプル/試作品/副資材】材料,41,セラミック材・活性炭,29,酸化ジルコニウム,A
W74131,W7,【製品用サンプル/試作品/副資材】材料,41,セラミック材・活性炭,31,酸化イットリウム,A
W74133,W7,【製品用サンプル/試作品/副資材】材料,41,セラミック材・活性炭,33,タルク,A
W74135,W7,【製品用サンプル/試作品/副資材】材料,41,セラミック材・活性炭,35,カオリン,A
W74143,W7,【製品用サンプル/試作品/副資材】材料,41,セラミック材・活性炭,43,ガラス,A
W74145,W7,【製品用サンプル/試作品/副資材】材料,41,セラミック材・活性炭,45,アルミナ,A
W74147,W7,【製品用サンプル/試作品/副資材】材料,41,セラミック材・活性炭,47,スピネル,A
W74149,W7,【製品用サンプル/試作品/副資材】材料,41,セラミック材・活性炭,49,水酸化アルミ,A
W74151,W7,【製品用サンプル/試作品/副資材】材料,41,セラミック材・活性炭,51,炭酸カルシウム,A
W74153,W7,【製品用サンプル/試作品/副資材】材料,41,セラミック材・活性炭,53,シリカ,A
W74157,W7,【製品用サンプル/試作品/副資材】材料,41,セラミック材・活性炭,57,シリカゾル,A
W74159,W7,【製品用サンプル/試作品/副資材】材料,41,セラミック材・活性炭,59,メチルセルロース,A
W74161,W7,【製品用サンプル/試作品/副資材】材料,41,セラミック材・活性炭,61,混合粉,A
W74163,W7,【製品用サンプル/試作品/副資材】材料,41,セラミック材・活性炭,63,活性炭,A
W74199,W7,【製品用サンプル/試作品/副資材】材料,41,セラミック材・活性炭,99,その他,A
W74311,W7,【製品用サンプル/試作品/副資材】材料,43,アルミ再生塊,11,アルミ再生塊,A
W74313,W7,【製品用サンプル/試作品/副資材】材料,43,アルミ再生塊,13,アルミ新塊合金,A
W74511,W7,【製品用サンプル/試作品/副資材】材料,45,地金,11,Ag（銀）,A
W74513,W7,【製品用サンプル/試作品/副資材】材料,45,地金,13,Al（アルミ）,A
W74515,W7,【製品用サンプル/試作品/副資材】材料,45,地金,15,Au(金),A
W74517,W7,【製品用サンプル/試作品/副資材】材料,45,地金,17,Ir（イリジウム）,A
W74519,W7,【製品用サンプル/試作品/副資材】材料,45,地金,19,Rh（ロジウム）,A
W74521,W7,【製品用サンプル/試作品/副資材】材料,45,地金,21,Mg（マグネシウム）,A
W74523,W7,【製品用サンプル/試作品/副資材】材料,45,地金,23,Ni（ニッケル）,A
W74525,W7,【製品用サンプル/試作品/副資材】材料,45,地金,25,Pb（鉛）,A
W74527,W7,【製品用サンプル/試作品/副資材】材料,45,地金,27,Pd（パラジウム）,A
W74529,W7,【製品用サンプル/試作品/副資材】材料,45,地金,29,Pt（白金）,A
W74531,W7,【製品用サンプル/試作品/副資材】材料,45,地金,31,Sn（錫）,A
W74533,W7,【製品用サンプル/試作品/副資材】材料,45,地金,33,Zn（亜鉛）,A
W74599,W7,【製品用サンプル/試作品/副資材】材料,45,地金,99,その他,A
W74711,W7,【製品用サンプル/試作品/副資材】材料,47,特殊金属,11,半田,A
W74713,W7,【製品用サンプル/試作品/副資材】材料,47,特殊金属,13,ニッケル線,A
W74715,W7,【製品用サンプル/試作品/副資材】材料,47,特殊金属,15,クロム線,A
W74717,W7,【製品用サンプル/試作品/副資材】材料,47,特殊金属,17,亜鉛線,A
W74719,W7,【製品用サンプル/試作品/副資材】材料,47,特殊金属,19,アルミ線,A
W74721,W7,【製品用サンプル/試作品/副資材】材料,47,特殊金属,21,貴金属線,A
W74723,W7,【製品用サンプル/試作品/副資材】材料,47,特殊金属,23,銅粉,A
W74725,W7,【製品用サンプル/試作品/副資材】材料,47,特殊金属,25,プラマグ材料,A
W74727,W7,【製品用サンプル/試作品/副資材】材料,47,特殊金属,27,バイメタル,A
W74729,W7,【製品用サンプル/試作品/副資材】材料,47,特殊金属,29,ターゲット,A
W74731,W7,【製品用サンプル/試作品/副資材】材料,47,特殊金属,31,ロー材,A
W74733,W7,【製品用サンプル/試作品/副資材】材料,47,特殊金属,33,フラックス,A
W74799,W7,【製品用サンプル/試作品/副資材】材料,47,特殊金属,99,その他,A
W74921,W7,【製品用サンプル/試作品/副資材】材料,49,シリコンウェハ,21,シリコンウェハ一般,A
W75111,W7,【製品用サンプル/試作品/副資材】材料,51,SiCウェハ,11,SiCウェハ一般,A
W75311,W7,【製品用サンプル/試作品/副資材】材料,53,化合物半導体,11,化合物半導体一般,A
W75511,W7,【製品用サンプル/試作品/副資材】材料,55,工業用薬品,11,半導体コーティング薬品,A
W75513,W7,【製品用サンプル/試作品/副資材】材料,55,工業用薬品,13,半導体表面処理薬品,A
W75515,W7,【製品用サンプル/試作品/副資材】材料,55,工業用薬品,15,表面処理薬品,A
W75517,W7,【製品用サンプル/試作品/副資材】材料,55,工業用薬品,17,洗浄薬品,A
W75519,W7,【製品用サンプル/試作品/副資材】材料,55,工業用薬品,19,排水処理薬品,A
W75521,W7,【製品用サンプル/試作品/副資材】材料,55,工業用薬品,21,検査薬品,A
W75523,W7,【製品用サンプル/試作品/副資材】材料,55,工業用薬品,23,試薬,A
W75598,W7,【製品用サンプル/試作品/副資材】材料,55,工業用薬品,98,軽減税率対象品,A
W75599,W7,【製品用サンプル/試作品/副資材】材料,55,工業用薬品,99,その他,A
W75711,W7,【製品用サンプル/試作品/副資材】材料,57,工業用ガス,11,窒素ガス,A
W75713,W7,【製品用サンプル/試作品/副資材】材料,57,工業用ガス,13,ヘリウムガス,A
W75715,W7,【製品用サンプル/試作品/副資材】材料,57,工業用ガス,15,アルゴンガス,A
W75717,W7,【製品用サンプル/試作品/副資材】材料,57,工業用ガス,17,酸素ガス,A
W75719,W7,【製品用サンプル/試作品/副資材】材料,57,工業用ガス,19,希ガス（ネオン/キセノン/クリプトン）,A
W75799,W7,【製品用サンプル/試作品/副資材】材料,57,工業用ガス,99,その他,A
W75911,W7,【製品用サンプル/試作品/副資材】材料,59,塗料,11,塗料,A
W75913,W7,【製品用サンプル/試作品/副資材】材料,59,塗料,13,溶剤・シンナー類,A
W75915,W7,【製品用サンプル/試作品/副資材】材料,59,塗料,15,インク,A
W79101,W7,【製品用サンプル/試作品/副資材】材料,91,特別輸送費,01,特別輸送費,A
ZZ9988,ZZ,Do Not Use,99,System Only,88,移行データ,A
