"number","machine","item","category","fullname","type"
1,"部品供給","測定値","パレットNo.","sum_equip_item_name - 部品供給_測定値|パレットNo. - value","低濃度値"
1,"部品供給","測定値","品確種別","sum_equip_item_name - 部品供給_測定値|品確種別 - value","低濃度値"
1,"部品供給","OK/NG情報","配膳後ﾁｪｯｸ部配膳ﾁｪｯｸNG","sum_equip_item_name - 部品供給_OK/NG情報||配膳後ﾁｪｯｸ部配膳ﾁｪｯｸNG - value","二値"
1,"部品供給","OK/NG情報","配膳前ﾁｪｯｸ部配膳ﾁｪｯｸNG","sum_equip_item_name - 部品供給_OK/NG情報||配膳前ﾁｪｯｸ部配膳ﾁｪｯｸNG - value","二値"
2,"ピンSA溶接","測定値","パレットNo.","sum_equip_item_name - ピンSA溶接_測定値|パレットNo. - value","低濃度値"
2,"ピンSA溶接","測定値","加工ST","sum_equip_item_name - ピンSA溶接_測定値|加工ST - value","低濃度値"
2,"ピンSA溶接","測定値","溶接電圧No.1","sum_equip_item_name - ピンSA溶接_測定値|溶接電圧No.1 - value","実数値"
2,"ピンSA溶接","測定値","溶接電圧No.2","sum_equip_item_name - ピンSA溶接_測定値|溶接電圧No.2 - value","実数値"
2,"ピンSA溶接","測定値","溶接電流1","sum_equip_item_name - ピンSA溶接_測定値|溶接電流1 - value","低濃度値"
2,"ピンSA溶接","測定値","溶接電圧No.3","sum_equip_item_name - ピンSA溶接_測定値|溶接電圧No.3 - value","実数値"
2,"ピンSA溶接","測定値","溶接電圧No.4","sum_equip_item_name - ピンSA溶接_測定値|溶接電圧No.4 - value","実数値"
2,"ピンSA溶接","測定値","溶接電流2","sum_equip_item_name - ピンSA溶接_測定値|溶接電流2 - value","低濃度値"
2,"ピンSA溶接","測定値","溶接電流3","sum_equip_item_name - ピンSA溶接_測定値|溶接電流3 - value","低濃度値"
2,"ピンSA溶接","測定値","溶接電流4","sum_equip_item_name - ピンSA溶接_測定値|溶接電流4 - value","低濃度値"
2,"ピンSA溶接","測定値","電極使用数","sum_equip_item_name - ピンSA溶接_測定値|電極使用数 - value","整数値"
2,"ピンSA溶接","測定値","ウェルドチェッカ電流1","sum_equip_item_name - ピンSA溶接_測定値|ウェルドチェッカ電流1 - value","低濃度値"
2,"ピンSA溶接","測定値","ウェルドチェッカ電流2","sum_equip_item_name - ピンSA溶接_測定値|ウェルドチェッカ電流2 - value","低濃度値"
2,"ピンSA溶接","測定値","ウェルドチェッカ電流3","sum_equip_item_name - ピンSA溶接_測定値|ウェルドチェッカ電流3 - value","低濃度値"
2,"ピンSA溶接","測定値","ウェルドチェッカ電流4","sum_equip_item_name - ピンSA溶接_測定値|ウェルドチェッカ電流4 - value","低濃度値"
2,"ピンSA溶接","測定値","端子1体積","sum_equip_item_name - ピンSA溶接_測定値|端子1体積 - value","実数値"
2,"ピンSA溶接","測定値","端子1島数","sum_equip_item_name - ピンSA溶接_測定値|端子1島数 - value","低濃度値"
2,"ピンSA溶接","測定値","端子2体積","sum_equip_item_name - ピンSA溶接_測定値|端子2体積 - value","実数値"
2,"ピンSA溶接","測定値","端子2島数","sum_equip_item_name - ピンSA溶接_測定値|端子2島数 - value","低濃度値"
2,"ピンSA溶接","測定値","端子3体積","sum_equip_item_name - ピンSA溶接_測定値|端子3体積 - value","実数値"
2,"ピンSA溶接","測定値","端子3島数","sum_equip_item_name - ピンSA溶接_測定値|端子3島数 - value","低濃度値"
2,"ピンSA溶接","測定値","端子4体積","sum_equip_item_name - ピンSA溶接_測定値|端子4体積 - value","実数値"
2,"ピンSA溶接","測定値","端子4島数","sum_equip_item_name - ピンSA溶接_測定値|端子4島数 - value","低濃度値"
2,"ピンSA溶接","測定値","端子1角刈り長さ","sum_equip_item_name - ピンSA溶接_測定値|端子1角刈り長さ - value","低濃度値"
2,"ピンSA溶接","測定値","端子3角刈り長さ","sum_equip_item_name - ピンSA溶接_測定値|端子3角刈り長さ - value","低濃度値"
2,"ピンSA溶接","測定値","端子2角刈り長さ","sum_equip_item_name - ピンSA溶接_測定値|端子2角刈り長さ - value","低濃度値"
2,"ピンSA溶接","測定値","端子4角刈り長さ","sum_equip_item_name - ピンSA溶接_測定値|端子4角刈り長さ - value","低濃度値"
2,"ピンSA溶接","測定値","端子4くびれ面積","sum_equip_item_name - ピンSA溶接_測定値|端子4くびれ面積 - value","整数値"
2,"ピンSA溶接","測定値","品確種別","sum_equip_item_name - ピンSA溶接_測定値|品確種別 - value","低濃度値"
2,"ピンSA溶接","測定値","端子1くびれ面積","sum_equip_item_name - ピンSA溶接_測定値|端子1くびれ面積 - value","整数値"
2,"ピンSA溶接","測定値","端子3くびれ面積","sum_equip_item_name - ピンSA溶接_測定値|端子3くびれ面積 - value","低濃度値"
2,"ピンSA溶接","測定値","端子2くびれ面積","sum_equip_item_name - ピンSA溶接_測定値|端子2くびれ面積 - value","低濃度値"
2,"ピンSA溶接","OK/NG情報","端子1体積","sum_equip_item_name - ピンSA溶接_OK/NG情報||端子1体積 - value","二値"
2,"ピンSA溶接","OK/NG情報","端子1角刈り長さ","sum_equip_item_name - ピンSA溶接_OK/NG情報||端子1角刈り長さ - value","二値"
2,"ピンSA溶接","OK/NG情報","溶接１ 受信ﾃﾞｰﾀ差 正常範囲外","sum_equip_item_name - ピンSA溶接_OK/NG情報||溶接１ 受信ﾃﾞｰﾀ差 正常範囲外 - value","二値"
2,"ピンSA溶接","OK/NG情報","端子4くびれ面積","sum_equip_item_name - ピンSA溶接_OK/NG情報||端子4くびれ面積 - value","二値"
2,"ピンSA溶接","OK/NG情報","形状計測端子４NG","sum_equip_item_name - ピンSA溶接_OK/NG情報||形状計測端子４NG - value","二値"
2,"ピンSA溶接","OK/NG情報","溶接４ 受信ﾃﾞｰﾀ差 正常範囲外","sum_equip_item_name - ピンSA溶接_OK/NG情報||溶接４ 受信ﾃﾞｰﾀ差 正常範囲外 - value","二値"
2,"ピンSA溶接","OK/NG情報","端子2角刈り長さ","sum_equip_item_name - ピンSA溶接_OK/NG情報||端子2角刈り長さ - value","二値"
2,"ピンSA溶接","OK/NG情報","端子3角刈り長さ","sum_equip_item_name - ピンSA溶接_OK/NG情報||端子3角刈り長さ - value","二値"
2,"ピンSA溶接","OK/NG情報","端子4角刈り長さ","sum_equip_item_name - ピンSA溶接_OK/NG情報||端子4角刈り長さ - value","二値"
2,"ピンSA溶接","OK/NG情報","溶接２ 受信ﾃﾞｰﾀ差 正常範囲外","sum_equip_item_name - ピンSA溶接_OK/NG情報||溶接２ 受信ﾃﾞｰﾀ差 正常範囲外 - value","二値"
2,"ピンSA溶接","OK/NG情報","溶接３ 受信ﾃﾞｰﾀ差 正常範囲外","sum_equip_item_name - ピンSA溶接_OK/NG情報||溶接３ 受信ﾃﾞｰﾀ差 正常範囲外 - value","二値"
2,"ピンSA溶接","OK/NG情報","形状計測端子２NG","sum_equip_item_name - ピンSA溶接_OK/NG情報||形状計測端子２NG - value","二値"
2,"ピンSA溶接","OK/NG情報","端子2くびれ面積","sum_equip_item_name - ピンSA溶接_OK/NG情報||端子2くびれ面積 - value","二値"
2,"ピンSA溶接","OK/NG情報","端子2体積","sum_equip_item_name - ピンSA溶接_OK/NG情報||端子2体積 - value","二値"
2,"ピンSA溶接","OK/NG情報","形状計測端子１NG","sum_equip_item_name - ピンSA溶接_OK/NG情報||形状計測端子１NG - value","二値"
2,"ピンSA溶接","OK/NG情報","端子4体積","sum_equip_item_name - ピンSA溶接_OK/NG情報||端子4体積 - value","二値"
2,"ピンSA溶接","OK/NG情報","端子1くびれ面積","sum_equip_item_name - ピンSA溶接_OK/NG情報||端子1くびれ面積 - value","二値"
2,"ピンSA溶接","OK/NG情報","形状計測端子３NG","sum_equip_item_name - ピンSA溶接_OK/NG情報||形状計測端子３NG - value","二値"
2,"ピンSA溶接","OK/NG情報","端子3くびれ面積","sum_equip_item_name - ピンSA溶接_OK/NG情報||端子3くびれ面積 - value","二値"
2,"ピンSA溶接","OK/NG情報","端子3体積","sum_equip_item_name - ピンSA溶接_OK/NG情報||端子3体積 - value","二値"
2,"ピンSA溶接","OK/NG情報","端子4島数","sum_equip_item_name - ピンSA溶接_OK/NG情報||端子4島数 - value","二値"
2,"ピンSA溶接","OK/NG情報","端子2島数","sum_equip_item_name - ピンSA溶接_OK/NG情報||端子2島数 - value","二値"
2,"ピンSA溶接","OK/NG情報","端子3島数","sum_equip_item_name - ピンSA溶接_OK/NG情報||端子3島数 - value","二値"
2,"ピンSA溶接","OK/NG情報","端子1島数","sum_equip_item_name - ピンSA溶接_OK/NG情報||端子1島数 - value","二値"
2,"ピンSA溶接","OK/NG情報","視覚処理異常","sum_equip_item_name - ピンSA溶接_OK/NG情報||視覚処理異常 - value","二値"
2,"ピンSA溶接","OK/NG情報","溶接２ 溶接電源NG","sum_equip_item_name - ピンSA溶接_OK/NG情報||溶接２ 溶接電源NG - value","二値"
2,"ピンSA溶接","OK/NG情報","溶接１ 溶接電源NG","sum_equip_item_name - ピンSA溶接_OK/NG情報||溶接１ 溶接電源NG - value","二値"
2,"ピンSA溶接","OK/NG情報","溶接３ 溶接電源NG","sum_equip_item_name - ピンSA溶接_OK/NG情報||溶接３ 溶接電源NG - value","二値"
3,"部品組付","測定値","パレットNo.","sum_equip_item_name - 部品組付_測定値|パレットNo. - value","低濃度値"
3,"部品組付","測定値","ケース挿入荷重","sum_equip_item_name - 部品組付_測定値|ケース挿入荷重 - value","実数値"
3,"部品組付","測定値","コイル挿入高さ","sum_equip_item_name - 部品組付_測定値|コイル挿入高さ - value","実数値"
3,"部品組付","測定値","コイル挿入荷重","sum_equip_item_name - 部品組付_測定値|コイル挿入荷重 - value","実数値"
3,"部品組付","測定値","加工ST","sum_equip_item_name - 部品組付_測定値|加工ST - value","低濃度値"
3,"部品組付","測定値","Oﾘﾝｸﾞ塗布流量","sum_equip_item_name - 部品組付_測定値|Oﾘﾝｸﾞ塗布流量 - value","低濃度値"
3,"部品組付","測定値","締付回転数","sum_equip_item_name - 部品組付_測定値|締付回転数 - value","整数値"
3,"部品組付","測定値","締付トルク","sum_equip_item_name - 部品組付_測定値|締付トルク - value","低濃度値"
3,"部品組付","測定値","ネジ締め高さ","sum_equip_item_name - 部品組付_測定値|ネジ締め高さ - value","高濃度(数値系）"
3,"部品組付","測定値","ケース挿入高さ","sum_equip_item_name - 部品組付_測定値|ケース挿入高さ - value","実数値"
3,"部品組付","測定値","品確種別","sum_equip_item_name - 部品組付_測定値|品確種別 - value","低濃度値"
3,"部品組付","OK/NG情報","ねじ締めNG","sum_equip_item_name - 部品組付_OK/NG情報||ねじ締めNG - value","二値"
3,"部品組付","OK/NG情報","Oﾘﾝｸﾞ組付NG","sum_equip_item_name - 部品組付_OK/NG情報||Oﾘﾝｸﾞ組付NG - value","二値"
3,"部品組付","OK/NG情報","QR刻印NG","sum_equip_item_name - 部品組付_OK/NG情報||QR刻印NG - value","二値"
3,"部品組付","OK/NG情報","QR読取NG","sum_equip_item_name - 部品組付_OK/NG情報||QR読取NG - value","二値"
3,"部品組付","OK/NG情報","ｺｲﾙ挿入ｻｰﾎﾞﾌﾟﾚｽNG","sum_equip_item_name - 部品組付_OK/NG情報||ｺｲﾙ挿入ｻｰﾎﾞﾌﾟﾚｽNG - value","二値"
5,"熱かしめ","測定値","パレットNo.","sum_equip_item_name - 熱かしめ_測定値|パレットNo. - value","低濃度値"
5,"熱かしめ","測定値","コイルかしめ前高さNo.1","sum_equip_item_name - 熱かしめ_測定値|コイルかしめ前高さNo.1 - value","実数値"
5,"熱かしめ","測定値","コイルかしめ前高さNo.2","sum_equip_item_name - 熱かしめ_測定値|コイルかしめ前高さNo.2 - value","実数値"
5,"熱かしめ","測定値","コイルかしめ前高さNo.3","sum_equip_item_name - 熱かしめ_測定値|コイルかしめ前高さNo.3 - value","実数値"
5,"熱かしめ","測定値","コイルかしめ前高さNo.4","sum_equip_item_name - 熱かしめ_測定値|コイルかしめ前高さNo.4 - value","実数値"
5,"熱かしめ","測定値","コイル熱かしめ再加熱温度1","sum_equip_item_name - 熱かしめ_測定値|コイル熱かしめ再加熱温度1 - value","低濃度値"
5,"熱かしめ","測定値","コイル熱かしめ再加熱温度2","sum_equip_item_name - 熱かしめ_測定値|コイル熱かしめ再加熱温度2 - value","低濃度値"
5,"熱かしめ","測定値","コイル熱かしめ再加熱温度3","sum_equip_item_name - 熱かしめ_測定値|コイル熱かしめ再加熱温度3 - value","低濃度値"
5,"熱かしめ","測定値","コイル熱かしめ再加熱温度4","sum_equip_item_name - 熱かしめ_測定値|コイル熱かしめ再加熱温度4 - value","低濃度値"
5,"熱かしめ","測定値","コイル熱かしめ温度1","sum_equip_item_name - 熱かしめ_測定値|コイル熱かしめ温度1 - value","低濃度値"
5,"熱かしめ","測定値","コイル熱かしめ温度2","sum_equip_item_name - 熱かしめ_測定値|コイル熱かしめ温度2 - value","低濃度値"
5,"熱かしめ","測定値","コイル熱かしめ温度3","sum_equip_item_name - 熱かしめ_測定値|コイル熱かしめ温度3 - value","低濃度値"
5,"熱かしめ","測定値","コイル熱かしめ温度4","sum_equip_item_name - 熱かしめ_測定値|コイル熱かしめ温度4 - value","低濃度値"
5,"熱かしめ","測定値","コイルかしめ後高さNo.1","sum_equip_item_name - 熱かしめ_測定値|コイルかしめ後高さNo.1 - value","実数値"
5,"熱かしめ","測定値","コイルかしめ後高さNo.2","sum_equip_item_name - 熱かしめ_測定値|コイルかしめ後高さNo.2 - value","実数値"
5,"熱かしめ","測定値","コイルかしめ後高さNo.3","sum_equip_item_name - 熱かしめ_測定値|コイルかしめ後高さNo.3 - value","実数値"
5,"熱かしめ","測定値","コイルかしめ後高さNo.4","sum_equip_item_name - 熱かしめ_測定値|コイルかしめ後高さNo.4 - value","実数値"
5,"熱かしめ","測定値","コイル熱かしめ高さ1","sum_equip_item_name - 熱かしめ_測定値|コイル熱かしめ高さ1 - value","実数値"
5,"熱かしめ","測定値","コイル熱かしめ高さ2","sum_equip_item_name - 熱かしめ_測定値|コイル熱かしめ高さ2 - value","実数値"
5,"熱かしめ","測定値","コイル熱かしめ高さ3","sum_equip_item_name - 熱かしめ_測定値|コイル熱かしめ高さ3 - value","実数値"
5,"熱かしめ","測定値","コイル熱かしめ高さ4","sum_equip_item_name - 熱かしめ_測定値|コイル熱かしめ高さ4 - value","実数値"
5,"熱かしめ","測定値","基板かしめ前高さNo.1","sum_equip_item_name - 熱かしめ_測定値|基板かしめ前高さNo.1 - value","実数値"
5,"熱かしめ","測定値","基板かしめ前高さNo.2","sum_equip_item_name - 熱かしめ_測定値|基板かしめ前高さNo.2 - value","実数値"
5,"熱かしめ","測定値","基板かしめ前高さNo.3","sum_equip_item_name - 熱かしめ_測定値|基板かしめ前高さNo.3 - value","実数値"
5,"熱かしめ","測定値","基板かしめ前高さNo.4","sum_equip_item_name - 熱かしめ_測定値|基板かしめ前高さNo.4 - value","実数値"
5,"熱かしめ","測定値","基板かしめ後高さNo.1","sum_equip_item_name - 熱かしめ_測定値|基板かしめ後高さNo.1 - value","実数値"
5,"熱かしめ","測定値","基板かしめ後高さNo.2","sum_equip_item_name - 熱かしめ_測定値|基板かしめ後高さNo.2 - value","実数値"
5,"熱かしめ","測定値","基板かしめ後高さNo.3","sum_equip_item_name - 熱かしめ_測定値|基板かしめ後高さNo.3 - value","実数値"
5,"熱かしめ","測定値","基板かしめ後高さNo.4","sum_equip_item_name - 熱かしめ_測定値|基板かしめ後高さNo.4 - value","実数値"
5,"熱かしめ","測定値","基板熱かしめ再加熱温度1","sum_equip_item_name - 熱かしめ_測定値|基板熱かしめ再加熱温度1 - value","低濃度値"
5,"熱かしめ","測定値","基板熱かしめ再加熱温度2","sum_equip_item_name - 熱かしめ_測定値|基板熱かしめ再加熱温度2 - value","低濃度値"
5,"熱かしめ","測定値","基板熱かしめ再加熱温度3","sum_equip_item_name - 熱かしめ_測定値|基板熱かしめ再加熱温度3 - value","低濃度値"
5,"熱かしめ","測定値","基板熱かしめ再加熱温度4","sum_equip_item_name - 熱かしめ_測定値|基板熱かしめ再加熱温度4 - value","低濃度値"
5,"熱かしめ","測定値","基板熱かしめ温度1","sum_equip_item_name - 熱かしめ_測定値|基板熱かしめ温度1 - value","低濃度値"
5,"熱かしめ","測定値","基板熱かしめ温度2","sum_equip_item_name - 熱かしめ_測定値|基板熱かしめ温度2 - value","低濃度値"
5,"熱かしめ","測定値","基板熱かしめ温度3","sum_equip_item_name - 熱かしめ_測定値|基板熱かしめ温度3 - value","低濃度値"
5,"熱かしめ","測定値","基板熱かしめ温度4","sum_equip_item_name - 熱かしめ_測定値|基板熱かしめ温度4 - value","低濃度値"
5,"熱かしめ","測定値","基板熱かしめ高さ1","sum_equip_item_name - 熱かしめ_測定値|基板熱かしめ高さ1 - value","実数値"
5,"熱かしめ","測定値","基板熱かしめ高さ2","sum_equip_item_name - 熱かしめ_測定値|基板熱かしめ高さ2 - value","実数値"
5,"熱かしめ","測定値","基板熱かしめ高さ3","sum_equip_item_name - 熱かしめ_測定値|基板熱かしめ高さ3 - value","実数値"
5,"熱かしめ","測定値","基板熱かしめ高さ4","sum_equip_item_name - 熱かしめ_測定値|基板熱かしめ高さ4 - value","実数値"
5,"熱かしめ","測定値","品確種別","sum_equip_item_name - 熱かしめ_測定値|品確種別 - value","低濃度値"
5,"熱かしめ","OK/NG情報","ﾎｰﾙIC組付NG","sum_equip_item_name - 熱かしめ_OK/NG情報||ﾎｰﾙIC組付NG - value","二値"
5,"熱かしめ","OK/NG情報","基板熱かしめ前高さﾁｪｯｸNG","sum_equip_item_name - 熱かしめ_OK/NG情報||基板熱かしめ前高さﾁｪｯｸNG - value","二値"
5,"熱かしめ","OK/NG情報","基板書込NG","sum_equip_item_name - 熱かしめ_OK/NG情報||基板書込NG - value","二値"
5,"熱かしめ","OK/NG情報","ｺｲﾙ熱かしめ前高さﾁｪｯｸNG","sum_equip_item_name - 熱かしめ_OK/NG情報||ｺｲﾙ熱かしめ前高さﾁｪｯｸNG - value","二値"
5,"熱かしめ","OK/NG情報","基板かしめ高さNG-R","sum_equip_item_name - 熱かしめ_OK/NG情報||基板かしめ高さNG-R - value","二値"
5,"熱かしめ","OK/NG情報","ｺｲﾙかしめ異常","sum_equip_item_name - 熱かしめ_OK/NG情報||ｺｲﾙかしめ異常 - value","二値"
5,"熱かしめ","OK/NG情報","基板かしめ高さNG-R","sum_equip_item_name - 熱かしめ_OK/NG情報||基板かしめ高さNG-R - value","二値"
6,"はんだ付","測定値","パレットNo.","sum_equip_item_name - はんだ付_測定値|パレットNo. - value","低濃度値"
6,"はんだ付","測定値","コイル端子スリーブ使用名称","sum_equip_item_name - はんだ付_測定値|コイル端子スリーブ使用名称 - value","低濃度値"
6,"はんだ付","測定値","コイル端子ドリル後スリーブ使用数","sum_equip_item_name - はんだ付_測定値|コイル端子ドリル後スリーブ使用数 - value","整数値"
6,"はんだ付","測定値","コイル端子燃焼後スリーブ使用数","sum_equip_item_name - はんだ付_測定値|コイル端子燃焼後スリーブ使用数 - value","整数値"
6,"はんだ付","測定値","コイル端子スリーブ温度","sum_equip_item_name - はんだ付_測定値|コイル端子スリーブ温度 - value","実数値"
6,"はんだ付","測定値","コイル端子位置座標X1","sum_equip_item_name - はんだ付_測定値|コイル端子位置座標X1 - value","実数値"
6,"はんだ付","測定値","コイル端子位置座標X2","sum_equip_item_name - はんだ付_測定値|コイル端子位置座標X2 - value","実数値"
6,"はんだ付","測定値","コイル端子位置座標Y1","sum_equip_item_name - はんだ付_測定値|コイル端子位置座標Y1 - value","実数値"
6,"はんだ付","測定値","コイル端子位置座標Y2","sum_equip_item_name - はんだ付_測定値|コイル端子位置座標Y2 - value","実数値"
6,"はんだ付","測定値","コイル端子位置座標X3","sum_equip_item_name - はんだ付_測定値|コイル端子位置座標X3 - value","実数値"
6,"はんだ付","測定値","コイル端子位置座標Y3","sum_equip_item_name - はんだ付_測定値|コイル端子位置座標Y3 - value","実数値"
6,"はんだ付","測定値","コイル端子位置座標X4","sum_equip_item_name - はんだ付_測定値|コイル端子位置座標X4 - value","実数値"
6,"はんだ付","測定値","コイル端子位置座標Y4","sum_equip_item_name - はんだ付_測定値|コイル端子位置座標Y4 - value","実数値"
6,"はんだ付","測定値","コネクタ端子スリーブ温度","sum_equip_item_name - はんだ付_測定値|コネクタ端子スリーブ温度 - value","実数値"
6,"はんだ付","測定値","コネクタ端子位置座標X5","sum_equip_item_name - はんだ付_測定値|コネクタ端子位置座標X5 - value","実数値"
6,"はんだ付","測定値","コネクタ端子位置座標Y5","sum_equip_item_name - はんだ付_測定値|コネクタ端子位置座標Y5 - value","実数値"
6,"はんだ付","測定値","コネクタ端子スリーブ使用名称","sum_equip_item_name - はんだ付_測定値|コネクタ端子スリーブ使用名称 - value","低濃度値"
6,"はんだ付","測定値","コネクタ端子位置座標X6","sum_equip_item_name - はんだ付_測定値|コネクタ端子位置座標X6 - value","実数値"
6,"はんだ付","測定値","コネクタ端子位置座標Y6","sum_equip_item_name - はんだ付_測定値|コネクタ端子位置座標Y6 - value","実数値"
6,"はんだ付","測定値","コネクタ端子位置座標X7","sum_equip_item_name - はんだ付_測定値|コネクタ端子位置座標X7 - value","実数値"
6,"はんだ付","測定値","コネクタ端子位置座標X8","sum_equip_item_name - はんだ付_測定値|コネクタ端子位置座標X8 - value","実数値"
6,"はんだ付","測定値","コネクタ端子位置座標Y7","sum_equip_item_name - はんだ付_測定値|コネクタ端子位置座標Y7 - value","実数値"
6,"はんだ付","測定値","コネクタ端子位置座標Y8","sum_equip_item_name - はんだ付_測定値|コネクタ端子位置座標Y8 - value","実数値"
6,"はんだ付","測定値","コネクタ端子ドリル後スリーブ使用数","sum_equip_item_name - はんだ付_測定値|コネクタ端子ドリル後スリーブ使用数 - value","整数値"
6,"はんだ付","測定値","コネクタ端子燃焼後スリーブ使用数","sum_equip_item_name - はんだ付_測定値|コネクタ端子燃焼後スリーブ使用数 - value","整数値"
6,"はんだ付","測定値","ホールICスリーブ温度","sum_equip_item_name - はんだ付_測定値|ホールICスリーブ温度 - value","実数値"
6,"はんだ付","測定値","ホールIC位置座標X9","sum_equip_item_name - はんだ付_測定値|ホールIC位置座標X9 - value","実数値"
6,"はんだ付","測定値","ホールIC位置座標Y9","sum_equip_item_name - はんだ付_測定値|ホールIC位置座標Y9 - value","実数値"
6,"はんだ付","測定値","ホールIC位置座標X10","sum_equip_item_name - はんだ付_測定値|ホールIC位置座標X10 - value","実数値"
6,"はんだ付","測定値","ホールIC位置座標Y10","sum_equip_item_name - はんだ付_測定値|ホールIC位置座標Y10 - value","実数値"
6,"はんだ付","測定値","ホールICスリーブ使用名称","sum_equip_item_name - はんだ付_測定値|ホールICスリーブ使用名称 - value","低濃度値"
6,"はんだ付","測定値","ホールIC位置座標X11","sum_equip_item_name - はんだ付_測定値|ホールIC位置座標X11 - value","実数値"
6,"はんだ付","測定値","ホールIC位置座標Y11","sum_equip_item_name - はんだ付_測定値|ホールIC位置座標Y11 - value","実数値"
6,"はんだ付","測定値","ホールICドリル後スリーブ使用数","sum_equip_item_name - はんだ付_測定値|ホールICドリル後スリーブ使用数 - value","整数値"
6,"はんだ付","測定値","ホールIC燃焼後スリーブ使用数","sum_equip_item_name - はんだ付_測定値|ホールIC燃焼後スリーブ使用数 - value","整数値"
6,"はんだ付","測定値","熱かしめ高さ3","sum_equip_item_name - はんだ付_測定値|熱かしめ高さ3 - value","実数値"
6,"はんだ付","測定値","はんだ体積4","sum_equip_item_name - はんだ付_測定値|はんだ体積4 - value","実数値"
6,"はんだ付","測定値","はんだ体積5","sum_equip_item_name - はんだ付_測定値|はんだ体積5 - value","実数値"
6,"はんだ付","測定値","はんだ体積6","sum_equip_item_name - はんだ付_測定値|はんだ体積6 - value","実数値"
6,"はんだ付","測定値","はんだ体積8","sum_equip_item_name - はんだ付_測定値|はんだ体積8 - value","実数値"
6,"はんだ付","測定値","はんだ断面積4","sum_equip_item_name - はんだ付_測定値|はんだ断面積4 - value","実数値"
6,"はんだ付","測定値","はんだ断面積5","sum_equip_item_name - はんだ付_測定値|はんだ断面積5 - value","実数値"
6,"はんだ付","測定値","はんだ断面積6","sum_equip_item_name - はんだ付_測定値|はんだ断面積6 - value","実数値"
6,"はんだ付","測定値","はんだ断面積8","sum_equip_item_name - はんだ付_測定値|はんだ断面積8 - value","実数値"
6,"はんだ付","測定値","熱かしめ高さ1","sum_equip_item_name - はんだ付_測定値|熱かしめ高さ1 - value","実数値"
6,"はんだ付","測定値","熱かしめ高さ2","sum_equip_item_name - はんだ付_測定値|熱かしめ高さ2 - value","実数値"
6,"はんだ付","測定値","熱かしめ高さ4","sum_equip_item_name - はんだ付_測定値|熱かしめ高さ4 - value","実数値"
6,"はんだ付","測定値","端子突出長さ4","sum_equip_item_name - はんだ付_測定値|端子突出長さ4 - value","実数値"
6,"はんだ付","測定値","端子突出長さ5","sum_equip_item_name - はんだ付_測定値|端子突出長さ5 - value","実数値"
6,"はんだ付","測定値","端子突出長さ6","sum_equip_item_name - はんだ付_測定値|端子突出長さ6 - value","実数値"
6,"はんだ付","測定値","端子突出長さ8","sum_equip_item_name - はんだ付_測定値|端子突出長さ8 - value","実数値"
6,"はんだ付","測定値","はんだ側面スコア9","sum_equip_item_name - はんだ付_測定値|はんだ側面スコア9 - value","低濃度値"
6,"はんだ付","測定値","はんだ体積7","sum_equip_item_name - はんだ付_測定値|はんだ体積7 - value","実数値"
6,"はんだ付","測定値","はんだ側面スコア10","sum_equip_item_name - はんだ付_測定値|はんだ側面スコア10 - value","低濃度値"
6,"はんだ付","測定値","はんだ断面積7","sum_equip_item_name - はんだ付_測定値|はんだ断面積7 - value","実数値"
6,"はんだ付","測定値","端子突出長さ7","sum_equip_item_name - はんだ付_測定値|端子突出長さ7 - value","実数値"
6,"はんだ付","測定値","はんだ体積3","sum_equip_item_name - はんだ付_測定値|はんだ体積3 - value","実数値"
6,"はんだ付","測定値","はんだ断面積3","sum_equip_item_name - はんだ付_測定値|はんだ断面積3 - value","実数値"
6,"はんだ付","測定値","端子突出長さ3","sum_equip_item_name - はんだ付_測定値|端子突出長さ3 - value","実数値"
6,"はんだ付","測定値","端子突出長さ2","sum_equip_item_name - はんだ付_測定値|端子突出長さ2 - value","実数値"
6,"はんだ付","測定値","はんだ体積2","sum_equip_item_name - はんだ付_測定値|はんだ体積2 - value","実数値"
6,"はんだ付","測定値","はんだ断面積2","sum_equip_item_name - はんだ付_測定値|はんだ断面積2 - value","実数値"
6,"はんだ付","測定値","はんだ体積10","sum_equip_item_name - はんだ付_測定値|はんだ体積10 - value","実数値"
6,"はんだ付","測定値","はんだ断面積10","sum_equip_item_name - はんだ付_測定値|はんだ断面積10 - value","実数値"
6,"はんだ付","測定値","はんだ体積11","sum_equip_item_name - はんだ付_測定値|はんだ体積11 - value","実数値"
6,"はんだ付","測定値","はんだ断面積11","sum_equip_item_name - はんだ付_測定値|はんだ断面積11 - value","実数値"
6,"はんだ付","測定値","端子突出長さ9","sum_equip_item_name - はんだ付_測定値|端子突出長さ9 - value","実数値"
6,"はんだ付","測定値","端子突出長さ11","sum_equip_item_name - はんだ付_測定値|端子突出長さ11 - value","実数値"
6,"はんだ付","測定値","端子突出長さ1","sum_equip_item_name - はんだ付_測定値|端子突出長さ1 - value","実数値"
6,"はんだ付","測定値","はんだ体積9","sum_equip_item_name - はんだ付_測定値|はんだ体積9 - value","実数値"
6,"はんだ付","測定値","はんだ断面積9","sum_equip_item_name - はんだ付_測定値|はんだ断面積9 - value","実数値"
6,"はんだ付","測定値","はんだ体積1","sum_equip_item_name - はんだ付_測定値|はんだ体積1 - value","実数値"
6,"はんだ付","測定値","はんだ断面積1","sum_equip_item_name - はんだ付_測定値|はんだ断面積1 - value","実数値"
6,"はんだ付","測定値","はんだ側面スコア8","sum_equip_item_name - はんだ付_測定値|はんだ側面スコア8 - value","低濃度値"
6,"はんだ付","測定値","端子突出長さ10","sum_equip_item_name - はんだ付_測定値|端子突出長さ10 - value","実数値"
6,"はんだ付","測定値","はんだ側面スコア7","sum_equip_item_name - はんだ付_測定値|はんだ側面スコア7 - value","低濃度値"
6,"はんだ付","測定値","はんだ側面スコア6","sum_equip_item_name - はんだ付_測定値|はんだ側面スコア6 - value","低濃度値"
6,"はんだ付","測定値","はんだ側面スコア3","sum_equip_item_name - はんだ付_測定値|はんだ側面スコア3 - value","低濃度値"
6,"はんだ付","測定値","はんだ側面スコア5","sum_equip_item_name - はんだ付_測定値|はんだ側面スコア5 - value","低濃度値"
6,"はんだ付","測定値","帯電量","sum_equip_item_name - はんだ付_測定値|帯電量 - value","実数値"
6,"はんだ付","測定値","はんだ側面スコア11","sum_equip_item_name - はんだ付_測定値|はんだ側面スコア11 - value","低濃度値"
6,"はんだ付","測定値","はんだ側面スコア1","sum_equip_item_name - はんだ付_測定値|はんだ側面スコア1 - value","低濃度値"
6,"はんだ付","測定値","はんだ側面スコア2","sum_equip_item_name - はんだ付_測定値|はんだ側面スコア2 - value","低濃度値"
6,"はんだ付","測定値","はんだ側面スコア4","sum_equip_item_name - はんだ付_測定値|はんだ側面スコア4 - value","低濃度値"
6,"はんだ付","測定値","赤目8","sum_equip_item_name - はんだ付_測定値|赤目8 - value","整数値"
6,"はんだ付","測定値","赤目9","sum_equip_item_name - はんだ付_測定値|赤目9 - value","整数値"
6,"はんだ付","測定値","赤目10","sum_equip_item_name - はんだ付_測定値|赤目10 - value","整数値"
6,"はんだ付","測定値","赤目11","sum_equip_item_name - はんだ付_測定値|赤目11 - value","整数値"
6,"はんだ付","測定値","赤目5","sum_equip_item_name - はんだ付_測定値|赤目5 - value","整数値"
6,"はんだ付","測定値","赤目6","sum_equip_item_name - はんだ付_測定値|赤目6 - value","整数値"
6,"はんだ付","測定値","赤目7","sum_equip_item_name - はんだ付_測定値|赤目7 - value","整数値"
6,"はんだ付","OK/NG情報","上面外観検査NG","sum_equip_item_name - はんだ付_OK/NG情報||上面外観検査NG - value","二値"
6,"はんだ付","測定値","領域外異物","sum_equip_item_name - はんだ付_測定値|領域外異物 - value","実数値"
6,"はんだ付","測定値","赤目3","sum_equip_item_name - はんだ付_測定値|赤目3 - value","整数値"
6,"はんだ付","測定値","赤目2","sum_equip_item_name - はんだ付_測定値|赤目2 - value","整数値"
6,"はんだ付","測定値","赤目1","sum_equip_item_name - はんだ付_測定値|赤目1 - value","整数値"
6,"はんだ付","測定値","赤目4","sum_equip_item_name - はんだ付_測定値|赤目4 - value","整数値"
6,"はんだ付","OK/NG情報","側面外観検査NG（ホールIC端子）","sum_equip_item_name - はんだ付_OK/NG情報||側面外観検査NG（ホールIC端子） - value","二値"
6,"はんだ付","OK/NG情報","コイルはんだNG（途中停止）","sum_equip_item_name - はんだ付_OK/NG情報||コイルはんだNG（途中停止） - value","二値"
6,"はんだ付","OK/NG情報","ホールICはんだNG（途中停止）","sum_equip_item_name - はんだ付_OK/NG情報||ホールICはんだNG（途中停止） - value","二値"
6,"はんだ付","OK/NG情報","コネクタはんだNG（手動操作）","sum_equip_item_name - はんだ付_OK/NG情報||コネクタはんだNG（手動操作） - value","二値"
6,"はんだ付","OK/NG情報","ホールICはんだNG（手動操作）","sum_equip_item_name - はんだ付_OK/NG情報||ホールICはんだNG（手動操作） - value","二値"
6,"はんだ付","OK/NG情報","側面外観検査NG（コネクタ端子）","sum_equip_item_name - はんだ付_OK/NG情報||側面外観検査NG（コネクタ端子） - value","二値"
6,"はんだ付","OK/NG情報","側面外観検査NG（コイル端子）","sum_equip_item_name - はんだ付_OK/NG情報||側面外観検査NG（コイル端子） - value","二値"
6,"はんだ付","OK/NG情報","コイルはんだNG（手動操作）","sum_equip_item_name - はんだ付_OK/NG情報||コイルはんだNG（手動操作） - value","二値"
7,"ケースアッパー溶着","測定値","加工ST","sum_equip_item_name - ケースアッパー溶着_測定値|加工ST - value","低濃度値"
7,"ケースアッパー溶着","測定値","アシストガス流量1","sum_equip_item_name - ケースアッパー溶着_測定値|アシストガス流量1 - value","実数値"
7,"ケースアッパー溶着","測定値","アシストガス流量2","sum_equip_item_name - ケースアッパー溶着_測定値|アシストガス流量2 - value","実数値"
7,"ケースアッパー溶着","測定値","アシストガス流量3","sum_equip_item_name - ケースアッパー溶着_測定値|アシストガス流量3 - value","実数値"
7,"ケースアッパー溶着","測定値","アシストガス流量4","sum_equip_item_name - ケースアッパー溶着_測定値|アシストガス流量4 - value","実数値"
7,"ケースアッパー溶着","測定値","アシストガス流量5","sum_equip_item_name - ケースアッパー溶着_測定値|アシストガス流量5 - value","実数値"
7,"ケースアッパー溶着","測定値","アシストガス流量6","sum_equip_item_name - ケースアッパー溶着_測定値|アシストガス流量6 - value","実数値"
7,"ケースアッパー溶着","測定値","ガラスクリーニング後加工数","sum_equip_item_name - ケースアッパー溶着_測定値|ガラスクリーニング後加工数 - value","高濃度(数値系）"
7,"ケースアッパー溶着","測定値","ケース加圧力","sum_equip_item_name - ケースアッパー溶着_測定値|ケース加圧力 - value","実数値"
7,"ケースアッパー溶着","測定値","レーザ出力","sum_equip_item_name - ケースアッパー溶着_測定値|レーザ出力 - value","低濃度値"
7,"ケースアッパー溶着","測定値","沈み込み量2","sum_equip_item_name - ケースアッパー溶着_測定値|沈み込み量2 - value","実数値"
7,"ケースアッパー溶着","測定値","沈み込み量3","sum_equip_item_name - ケースアッパー溶着_測定値|沈み込み量3 - value","実数値"
7,"ケースアッパー溶着","測定値","沈み込み量4","sum_equip_item_name - ケースアッパー溶着_測定値|沈み込み量4 - value","実数値"
7,"ケースアッパー溶着","測定値","沈み込み量1","sum_equip_item_name - ケースアッパー溶着_測定値|沈み込み量1 - value","実数値"
7,"ケースアッパー溶着","OK/NG情報","溶接途中停止","sum_equip_item_name - ケースアッパー溶着_OK/NG情報||溶接途中停止 - value","二値"
7,"ケースアッパー溶着","OK/NG情報","ｹｰｽ沈み込み量NG","sum_equip_item_name - ケースアッパー溶着_OK/NG情報||ｹｰｽ沈み込み量NG - value","二値"
7,"ケースアッパー溶着","OK/NG情報","加工後QR読取NG-R","sum_equip_item_name - ケースアッパー溶着_OK/NG情報||加工後QR読取NG-R - value","二値"
7,"ケースアッパー溶着","OK/NG情報","加工後QR読取NG-R","sum_equip_item_name - ケースアッパー溶着_OK/NG情報||加工後QR読取NG-R - value","二値"
8,"性能検査","測定値","加工ST","sum_equip_item_name - 性能検査_測定値|加工ST - value","低濃度値"
8,"性能検査","測定値","加圧量","sum_equip_item_name - 性能検査_測定値|加圧量 - value","低濃度値"
8,"性能検査","測定値","端子位置X1","sum_equip_item_name - 性能検査_測定値|端子位置X1 - value","高濃度(数値系）"
8,"性能検査","測定値","端子位置X2","sum_equip_item_name - 性能検査_測定値|端子位置X2 - value","高濃度(数値系）"
8,"性能検査","測定値","端子位置X3","sum_equip_item_name - 性能検査_測定値|端子位置X3 - value","高濃度(数値系）"
8,"性能検査","測定値","端子位置X4","sum_equip_item_name - 性能検査_測定値|端子位置X4 - value","高濃度(数値系）"
8,"性能検査","測定値","端子位置Y1","sum_equip_item_name - 性能検査_測定値|端子位置Y1 - value","高濃度(数値系）"
8,"性能検査","測定値","端子位置Y2","sum_equip_item_name - 性能検査_測定値|端子位置Y2 - value","高濃度(数値系）"
8,"性能検査","測定値","端子位置Y3","sum_equip_item_name - 性能検査_測定値|端子位置Y3 - value","高濃度(数値系）"
8,"性能検査","測定値","端子位置Y4","sum_equip_item_name - 性能検査_測定値|端子位置Y4 - value","高濃度(数値系）"
8,"性能検査","測定値","流量測定圧力","sum_equip_item_name - 性能検査_測定値|流量測定圧力 - value","実数値"
8,"性能検査","測定値","補正前流量","sum_equip_item_name - 性能検査_測定値|補正前流量 - value","高濃度(数値系）"
8,"性能検査","測定値","補正量","sum_equip_item_name - 性能検査_測定値|補正量 - value","低濃度値"
8,"性能検査","測定値","補正後流量","sum_equip_item_name - 性能検査_測定値|補正後流量 - value","実数値"
8,"性能検査","測定値","漏れ量","sum_equip_item_name - 性能検査_測定値|漏れ量 - value","実数値"
8,"性能検査","測定値","レーザ焦げ","sum_equip_item_name - 性能検査_測定値|レーザ焦げ - value","低濃度値"
8,"性能検査","OK/NG情報","コネクタ視覚チェックNG","sum_equip_item_name - 性能検査_OK/NG情報||コネクタ視覚チェックNG - value","二値"
8,"性能検査","OK/NG情報","作動検査NG","sum_equip_item_name - 性能検査_OK/NG情報||作動検査NG - value","二値"
8,"性能検査","OK/NG情報","閉弁流量","sum_equip_item_name - 性能検査_OK/NG情報||閉弁流量 - value","二値"
8,"性能検査","OK/NG情報","黒点検査NG","sum_equip_item_name - 性能検査_OK/NG情報||黒点検査NG - value","二値"
8,"性能検査","OK/NG情報","補正前流量","sum_equip_item_name - 性能検査_OK/NG情報||補正前流量 - value","二値"
8,"性能検査","OK/NG情報","補正後流量","sum_equip_item_name - 性能検査_OK/NG情報||補正後流量 - value","二値"
8,"性能検査","OK/NG情報","気密検査NG","sum_equip_item_name - 性能検査_OK/NG情報||気密検査NG - value","二値"
8,"性能検査","OK/NG情報","顧客品番読出し","sum_equip_item_name - 性能検査_OK/NG情報||顧客品番読出し - value","二値"
8,"性能検査","OK/NG情報","ﾃｰﾌﾞﾙ投入前QR読取NG","sum_equip_item_name - 性能検査_OK/NG情報||ﾃｰﾌﾞﾙ投入前QR読取NG - value","二値"
8,"性能検査","OK/NG情報","2440pls駆動","sum_equip_item_name - 性能検査_OK/NG情報||2440pls駆動 - value","二値"
8,"性能検査","測定値","レーザ焦げ2","sum_equip_item_name - 性能検査_測定値|レーザ焦げ2 - value","低濃度値"
8,"性能検査","OK/NG情報","ソフトVer読出し","sum_equip_item_name - 性能検査_OK/NG情報||ソフトVer読出し - value","二値"
8,"性能検査","OK/NG情報","検査終了処理","sum_equip_item_name - 性能検査_OK/NG情報||検査終了処理 - value","二値"
8,"性能検査","OK/NG情報","フルイニシャライズ(閉弁駆動)","sum_equip_item_name - 性能検査_OK/NG情報||フルイニシャライズ(閉弁駆動) - value","二値"
8,"性能検査","OK/NG情報","140pls駆動","sum_equip_item_name - 性能検査_OK/NG情報||140pls駆動 - value","二値"
8,"性能検査","OK/NG情報","補正後140pls駆動","sum_equip_item_name - 性能検査_OK/NG情報||補正後140pls駆動 - value","二値"
8,"性能検査","OK/NG情報","補正後EXV特性読出し","sum_equip_item_name - 性能検査_OK/NG情報||補正後EXV特性読出し - value","二値"
